anzsic_class_code,anzsic_class_name,anzsic_group_code,year,non_employing,emp_1_4,emp_5_19,emp_20_199,emp_200plus,total_businesses,data_source
0111,Nursery Production (Under Cover),011,2025,207.0,69.0,35.0,20.0,0.0,331.0,ABS 8165.0 DC02 Table 1
0112,Nursery Production (Outdoors),011,2025,436.0,194.0,140.0,39.0,0.0,809.0,ABS 8165.0 DC02 Table 1
0113,Turf Growing,011,2025,217.0,126.0,86.0,13.0,0.0,442.0,ABS 8165.0 DC02 Table 1
0114,Floriculture Production (Under Cover),011,2025,70.0,24.0,17.0,6.0,0.0,117.0,ABS 8165.0 DC02 Table 1
0115,Floriculture Production (Outdoors),011,2025,316.0,133.0,54.0,28.0,0.0,532.0,ABS 8165.0 DC02 Table 1
0121,Mushroom Growing,012,2025,135.0,53.0,25.0,23.0,3.0,237.0,ABS 8165.0 DC02 Table 1
0122,Vegetable Growing (Under Cover),012,2025,669.0,177.0,58.0,25.0,0.0,931.0,ABS 8165.0 DC02 Table 1
0123,Vegetable Growing (Outdoors),012,2025,3013.0,871.0,414.0,165.0,12.0,4475.0,ABS 8165.0 DC02 Table 1
0131,Grape Growing,013,2025,3562.0,877.0,337.0,117.0,0.0,4894.0,ABS 8165.0 DC02 Table 1
0132,Kiwifruit Growing,013,2025,25.0,5.0,4.0,3.0,0.0,37.0,ABS 8165.0 DC02 Table 1
0133,Berry Fruit Growing,013,2025,315.0,162.0,60.0,53.0,5.0,595.0,ABS 8165.0 DC02 Table 1
0134,Apple and Pear Growing,013,2025,338.0,106.0,73.0,55.0,3.0,574.0,ABS 8165.0 DC02 Table 1
0135,Stone Fruit Growing,013,2025,419.0,155.0,82.0,29.0,3.0,688.0,ABS 8165.0 DC02 Table 1
0136,Citrus Fruit Growing,013,2025,649.0,159.0,77.0,37.0,3.0,925.0,ABS 8165.0 DC02 Table 1
0137,Olive Growing,013,2025,271.0,38.0,15.0,4.0,0.0,328.0,ABS 8165.0 DC02 Table 1
0139,Other Fruit and Tree Nut Growing,013,2025,2485.0,629.0,336.0,157.0,5.0,3612.0,ABS 8165.0 DC02 Table 1
0141,Sheep Farming (Specialised),014,2025,5704.0,1798.0,509.0,34.0,0.0,8045.0,ABS 8165.0 DC02 Table 1
0142,Beef Cattle Farming (Specialised),014,2025,37233.0,4422.0,812.0,129.0,3.0,42599.0,ABS 8165.0 DC02 Table 1
0143,Beef Cattle Feedlots (Specialised),014,2025,95.0,27.0,23.0,11.0,0.0,157.0,ABS 8165.0 DC02 Table 1
0144,Sheep-Beef Cattle Farming,014,2025,12287.0,2801.0,739.0,54.0,0.0,15882.0,ABS 8165.0 DC02 Table 1
0145,Grain-Sheep or Grain-Beef Cattle Farming,014,2025,17172.0,5827.0,1558.0,84.0,0.0,24641.0,ABS 8165.0 DC02 Table 1
0146,Rice Growing,014,2025,122.0,48.0,9.0,0.0,0.0,179.0,ABS 8165.0 DC02 Table 1
0149,Other Grain Growing,014,2025,6812.0,2715.0,705.0,47.0,6.0,10285.0,ABS 8165.0 DC02 Table 1
0151,Sugar Cane Growing,015,2025,3048.0,752.0,146.0,27.0,0.0,3973.0,ABS 8165.0 DC02 Table 1
0152,Cotton Growing,015,2025,505.0,203.0,114.0,18.0,0.0,840.0,ABS 8165.0 DC02 Table 1
0159,Other Crop Growing n.e.c.,015,2025,1520.0,302.0,97.0,27.0,0.0,1948.0,ABS 8165.0 DC02 Table 1
0160,Dairy Cattle Farming,016,2025,5385.0,1847.0,731.0,80.0,3.0,8044.0,ABS 8165.0 DC02 Table 1
0171,Poultry Farming (Meat),017,2025,456.0,271.0,90.0,30.0,0.0,849.0,ABS 8165.0 DC02 Table 1
0172,Poultry Farming (Eggs),017,2025,305.0,129.0,69.0,27.0,3.0,532.0,ABS 8165.0 DC02 Table 1
0180,Deer Farming,018,2025,72.0,9.0,0.0,0.0,0.0,82.0,ABS 8165.0 DC02 Table 1
0191,Horse Farming,019,2025,2680.0,432.0,157.0,42.0,3.0,3313.0,ABS 8165.0 DC02 Table 1
0192,Pig Farming,019,2025,439.0,131.0,74.0,22.0,3.0,668.0,ABS 8165.0 DC02 Table 1
0193,Beekeeping,019,2025,904.0,257.0,62.0,5.0,0.0,1228.0,ABS 8165.0 DC02 Table 1
0199,Other Livestock Farming n.e.c.,019,2025,1535.0,265.0,81.0,8.0,0.0,1889.0,ABS 8165.0 DC02 Table 1
0201,Offshore Longline and Rack Aquaculture,020,2025,318.0,153.0,67.0,17.0,0.0,556.0,ABS 8165.0 DC02 Table 1
0202,Offshore Caged Aquaculture,020,2025,31.0,12.0,0.0,4.0,0.0,51.0,ABS 8165.0 DC02 Table 1
0203,Onshore Aquaculture,020,2025,239.0,77.0,34.0,20.0,3.0,371.0,ABS 8165.0 DC02 Table 1
0301,Forestry,030,2025,1335.0,132.0,45.0,34.0,3.0,1548.0,ABS 8165.0 DC02 Table 1
0302,Logging,030,2025,831.0,476.0,145.0,49.0,0.0,1501.0,ABS 8165.0 DC02 Table 1
0411,Rock Lobster and Crab Potting,041,2025,983.0,396.0,34.0,8.0,0.0,1421.0,ABS 8165.0 DC02 Table 1
0412,Prawn Fishing,041,2025,267.0,142.0,41.0,8.0,0.0,458.0,ABS 8165.0 DC02 Table 1
0413,Line Fishing,041,2025,436.0,89.0,31.0,8.0,0.0,564.0,ABS 8165.0 DC02 Table 1
0414,"Fish Trawling, Seining and Netting",041,2025,373.0,108.0,35.0,7.0,0.0,523.0,ABS 8165.0 DC02 Table 1
0419,Other Fishing,041,2025,778.0,169.0,42.0,6.0,0.0,995.0,ABS 8165.0 DC02 Table 1
0420,Hunting and Trapping,042,2025,648.0,112.0,23.0,3.0,0.0,786.0,ABS 8165.0 DC02 Table 1
0510,Forestry Support Services,051,2025,615.0,230.0,124.0,54.0,3.0,1026.0,ABS 8165.0 DC02 Table 1
0521,Cotton Ginning,052,2025,13.0,3.0,3.0,11.0,0.0,30.0,ABS 8165.0 DC02 Table 1
0522,Shearing Services,052,2025,578.0,163.0,187.0,269.0,0.0,1197.0,ABS 8165.0 DC02 Table 1
0529,Other Agriculture and Fishing Support Services,052,2025,10671.0,3312.0,962.0,225.0,12.0,15182.0,ABS 8165.0 DC02 Table 1
0600,Coal Mining,060,2025,130.0,83.0,31.0,20.0,42.0,306.0,ABS 8165.0 DC02 Table 1
0700,Oil and Gas Extraction,070,2025,165.0,77.0,24.0,30.0,13.0,309.0,ABS 8165.0 DC02 Table 1
0801,Iron Ore Mining,080,2025,63.0,27.0,17.0,6.0,11.0,124.0,ABS 8165.0 DC02 Table 1
0802,Bauxite Mining,080,2025,9.0,3.0,0.0,3.0,3.0,15.0,ABS 8165.0 DC02 Table 1
0803,Copper Ore Mining,080,2025,33.0,15.0,3.0,4.0,9.0,64.0,ABS 8165.0 DC02 Table 1
0804,Gold Ore Mining,080,2025,370.0,69.0,37.0,27.0,27.0,530.0,ABS 8165.0 DC02 Table 1
0805,Mineral Sand Mining,080,2025,65.0,26.0,18.0,9.0,0.0,120.0,ABS 8165.0 DC02 Table 1
0806,Nickel Ore Mining,080,2025,23.0,4.0,3.0,6.0,3.0,38.0,ABS 8165.0 DC02 Table 1
0807,Silver-Lead-Zinc Ore Mining,080,2025,14.0,4.0,0.0,3.0,9.0,31.0,ABS 8165.0 DC02 Table 1
0809,Other Metal Ore Mining,080,2025,55.0,21.0,14.0,10.0,5.0,105.0,ABS 8165.0 DC02 Table 1
0911,Gravel and Sand Quarrying,091,2025,173.0,76.0,51.0,16.0,0.0,316.0,ABS 8165.0 DC02 Table 1
0919,Other Construction Material Mining,091,2025,572.0,254.0,163.0,75.0,5.0,1069.0,ABS 8165.0 DC02 Table 1
0990,Other Non-Metallic Mineral Mining and Quarrying,099,2025,396.0,104.0,37.0,24.0,5.0,566.0,ABS 8165.0 DC02 Table 1
1011,Petroleum Exploration,101,2025,305.0,64.0,18.0,9.0,0.0,396.0,ABS 8165.0 DC02 Table 1
1012,Mineral Exploration,101,2025,1783.0,578.0,270.0,61.0,7.0,2699.0,ABS 8165.0 DC02 Table 1
1090,Other Mining Support Services,109,2025,867.0,742.0,192.0,135.0,39.0,1975.0,ABS 8165.0 DC02 Table 1
1111,Meat Processing,111,2025,324.0,107.0,87.0,71.0,44.0,633.0,ABS 8165.0 DC02 Table 1
1112,Poultry Processing,111,2025,139.0,47.0,31.0,35.0,8.0,260.0,ABS 8165.0 DC02 Table 1
1113,Cured Meat and Smallgoods Manufacturing,111,2025,65.0,32.0,50.0,42.0,7.0,196.0,ABS 8165.0 DC02 Table 1
1120,Seafood Processing,112,2025,96.0,43.0,37.0,41.0,0.0,218.0,ABS 8165.0 DC02 Table 1
1131,Milk and Cream Processing,113,2025,29.0,14.0,9.0,10.0,4.0,66.0,ABS 8165.0 DC02 Table 1
1132,Ice Cream Manufacturing,113,2025,79.0,47.0,37.0,23.0,0.0,188.0,ABS 8165.0 DC02 Table 1
1133,Cheese and Other Dairy Product Manufacturing,113,2025,121.0,46.0,50.0,59.0,7.0,283.0,ABS 8165.0 DC02 Table 1
1140,Fruit and Vegetable Processing,114,2025,366.0,113.0,106.0,81.0,7.0,673.0,ABS 8165.0 DC02 Table 1
1150,Oil and Fat Manufacturing,115,2025,71.0,18.0,19.0,14.0,3.0,125.0,ABS 8165.0 DC02 Table 1
1161,Grain Mill Product Manufacturing,116,2025,32.0,20.0,15.0,11.0,3.0,81.0,ABS 8165.0 DC02 Table 1
1162,"Cereal, Pasta and Baking Mix Manufacturing",116,2025,132.0,87.0,78.0,37.0,6.0,340.0,ABS 8165.0 DC02 Table 1
1171,Bread Manufacturing (Factory based),117,2025,91.0,60.0,56.0,67.0,5.0,279.0,ABS 8165.0 DC02 Table 1
1172,Cake and Pastry Manufacturing (Factory based),117,2025,298.0,165.0,140.0,85.0,7.0,695.0,ABS 8165.0 DC02 Table 1
1173,Biscuit Manufacturing (Factory based),117,2025,12.0,8.0,22.0,12.0,3.0,55.0,ABS 8165.0 DC02 Table 1
1174,Bakery Product Manufacturing (Non-factory based),117,2025,1438.0,1494.0,1556.0,613.0,7.0,5108.0,ABS 8165.0 DC02 Table 1
1181,Sugar Manufacturing,118,2025,11.0,3.0,4.0,3.0,8.0,29.0,ABS 8165.0 DC02 Table 1
1182,Confectionery Manufacturing,118,2025,147.0,99.0,85.0,41.0,5.0,377.0,ABS 8165.0 DC02 Table 1
1191,"Potato, Corn and Other Crisp Manufacturing",119,2025,4.0,0.0,3.0,3.0,3.0,11.0,ABS 8165.0 DC02 Table 1
1192,Prepared Animal and Bird Feed Manufacturing,119,2025,142.0,48.0,46.0,42.0,5.0,283.0,ABS 8165.0 DC02 Table 1
1199,Other Food Product Manufacturing n.e.c.,119,2025,862.0,470.0,339.0,174.0,19.0,1864.0,ABS 8165.0 DC02 Table 1
1211,"Soft Drink, Cordial and Syrup Manufacturing",121,2025,269.0,105.0,78.0,34.0,4.0,490.0,ABS 8165.0 DC02 Table 1
1212,Beer Manufacturing,121,2025,323.0,166.0,176.0,130.0,4.0,799.0,ABS 8165.0 DC02 Table 1
1213,Spirit Manufacturing,121,2025,103.0,51.0,28.0,14.0,0.0,197.0,ABS 8165.0 DC02 Table 1
1214,Wine and Other Alcoholic Beverage Manufacturing,121,2025,1290.0,507.0,326.0,199.0,10.0,2332.0,ABS 8165.0 DC02 Table 1
1220,Cigarette and Tobacco Product Manufacturing,122,2025,3.0,3.0,0.0,0.0,0.0,4.0,ABS 8165.0 DC02 Table 1
1311,Wool Scouring,131,2025,4.0,4.0,0.0,4.0,0.0,12.0,ABS 8165.0 DC02 Table 1
1312,Natural Textile Manufacturing,131,2025,34.0,15.0,9.0,3.0,0.0,61.0,ABS 8165.0 DC02 Table 1
1313,Synthetic Textile Manufacturing,131,2025,24.0,13.0,11.0,6.0,0.0,54.0,ABS 8165.0 DC02 Table 1
1320,"Leather Tanning, Fur Dressing and Leather Product Manufacturing",132,2025,264.0,62.0,33.0,14.0,0.0,373.0,ABS 8165.0 DC02 Table 1
1331,Textile Floor Covering Manufacturing,133,2025,37.0,25.0,12.0,13.0,3.0,88.0,ABS 8165.0 DC02 Table 1
1332,"Rope, Cordage and Twine Manufacturing",133,2025,38.0,14.0,16.0,3.0,0.0,71.0,ABS 8165.0 DC02 Table 1
1333,Cut and Sewn Textile Product Manufacturing,133,2025,735.0,409.0,248.0,66.0,3.0,1460.0,ABS 8165.0 DC02 Table 1
1334,Textile Finishing and Other Textile Product Manufacturing,133,2025,404.0,218.0,108.0,13.0,0.0,743.0,ABS 8165.0 DC02 Table 1
1340,Knitted Product Manufacturing,134,2025,52.0,19.0,14.0,3.0,0.0,87.0,ABS 8165.0 DC02 Table 1
1351,Clothing Manufacturing,135,2025,1568.0,580.0,229.0,68.0,5.0,2450.0,ABS 8165.0 DC02 Table 1
1352,Footwear Manufacturing,135,2025,93.0,41.0,18.0,9.0,0.0,162.0,ABS 8165.0 DC02 Table 1
1411,Log Sawmilling,141,2025,284.0,110.0,86.0,53.0,3.0,536.0,ABS 8165.0 DC02 Table 1
1412,Wood Chipping,141,2025,21.0,4.0,8.0,9.0,0.0,43.0,ABS 8165.0 DC02 Table 1
1413,Timber Resawing and Dressing,141,2025,110.0,48.0,30.0,20.0,5.0,213.0,ABS 8165.0 DC02 Table 1
1491,Prefabricated Wooden Building Manufacturing,149,2025,73.0,33.0,24.0,18.0,0.0,148.0,ABS 8165.0 DC02 Table 1
1492,Wooden Structural Fitting and Component Manufacturing,149,2025,2040.0,1453.0,864.0,233.0,5.0,4595.0,ABS 8165.0 DC02 Table 1
1493,Veneer and Plywood Manufacturing,149,2025,18.0,6.0,5.0,8.0,3.0,39.0,ABS 8165.0 DC02 Table 1
1494,Reconstituted Wood Product Manufacturing,149,2025,19.0,13.0,17.0,9.0,0.0,59.0,ABS 8165.0 DC02 Table 1
1499,Other Wood Product Manufacturing n.e.c.,149,2025,402.0,150.0,100.0,63.0,4.0,719.0,ABS 8165.0 DC02 Table 1
1510,"Pulp, Paper and Paperboard Manufacturing",151,2025,53.0,26.0,16.0,14.0,5.0,114.0,ABS 8165.0 DC02 Table 1
1521,Corrugated Paperboard and Paperboard Container Manufacturing,152,2025,49.0,24.0,39.0,15.0,4.0,131.0,ABS 8165.0 DC02 Table 1
1522,Paper Bag Manufacturing,152,2025,5.0,0.0,0.0,5.0,0.0,14.0,ABS 8165.0 DC02 Table 1
1523,Paper Stationery Manufacturing,152,2025,87.0,37.0,26.0,16.0,0.0,166.0,ABS 8165.0 DC02 Table 1
1524,Sanitary Paper Product Manufacturing,152,2025,18.0,8.0,8.0,8.0,4.0,46.0,ABS 8165.0 DC02 Table 1
1529,Other Converted Paper Product Manufacturing,152,2025,110.0,42.0,26.0,23.0,3.0,204.0,ABS 8165.0 DC02 Table 1
1611,Printing,161,2025,1901.0,1312.0,659.0,184.0,5.0,4061.0,ABS 8165.0 DC02 Table 1
1612,Printing Support Services,161,2025,379.0,177.0,59.0,12.0,0.0,627.0,ABS 8165.0 DC02 Table 1
1620,Reproduction of Recorded Media,162,2025,238.0,108.0,29.0,15.0,0.0,390.0,ABS 8165.0 DC02 Table 1
1701,Petroleum Refining and Petroleum Fuel Manufacturing,170,2025,93.0,54.0,17.0,5.0,3.0,171.0,ABS 8165.0 DC02 Table 1
1709,Other Petroleum and Coal Product Manufacturing,170,2025,73.0,28.0,27.0,22.0,0.0,151.0,ABS 8165.0 DC02 Table 1
1811,Industrial Gas Manufacturing,181,2025,59.0,17.0,11.0,3.0,3.0,91.0,ABS 8165.0 DC02 Table 1
1812,Basic Organic Chemical Manufacturing,181,2025,68.0,38.0,20.0,14.0,0.0,140.0,ABS 8165.0 DC02 Table 1
1813,Basic Inorganic Chemical Manufacturing,181,2025,38.0,22.0,16.0,9.0,7.0,92.0,ABS 8165.0 DC02 Table 1
1821,Synthetic Resin and Synthetic Rubber Manufacturing,182,2025,126.0,60.0,60.0,26.0,4.0,276.0,ABS 8165.0 DC02 Table 1
1829,Other Basic Polymer Manufacturing,182,2025,17.0,8.0,9.0,3.0,0.0,37.0,ABS 8165.0 DC02 Table 1
1831,Fertiliser Manufacturing,183,2025,131.0,88.0,54.0,30.0,4.0,307.0,ABS 8165.0 DC02 Table 1
1832,Pesticide Manufacturing,183,2025,44.0,15.0,17.0,5.0,0.0,83.0,ABS 8165.0 DC02 Table 1
1841,Human Pharmaceutical and Medicinal Product Manufacturing,184,2025,293.0,134.0,75.0,72.0,22.0,596.0,ABS 8165.0 DC02 Table 1
1842,Veterinary Pharmaceutical and Medicinal Product Manufacturing,184,2025,41.0,18.0,15.0,16.0,3.0,91.0,ABS 8165.0 DC02 Table 1
1851,Cleaning Compound Manufacturing,185,2025,224.0,101.0,57.0,31.0,3.0,416.0,ABS 8165.0 DC02 Table 1
1852,Cosmetic and Toiletry Preparation Manufacturing,185,2025,634.0,249.0,96.0,45.0,5.0,1029.0,ABS 8165.0 DC02 Table 1
1891,Photographic Chemical Product Manufacturing,189,2025,4.0,0.0,0.0,0.0,0.0,5.0,ABS 8165.0 DC02 Table 1
1892,Explosive Manufacturing,189,2025,7.0,9.0,6.0,8.0,3.0,33.0,ABS 8165.0 DC02 Table 1
1899,Other Basic Chemical Product Manufacturing n.e.c.,189,2025,81.0,40.0,28.0,10.0,0.0,159.0,ABS 8165.0 DC02 Table 1
1911,Polymer Film and Sheet Packaging Material Manufacturing,191,2025,95.0,62.0,51.0,36.0,3.0,247.0,ABS 8165.0 DC02 Table 1
1912,Rigid and Semi-Rigid Polymer Product Manufacturing,191,2025,545.0,298.0,243.0,160.0,12.0,1258.0,ABS 8165.0 DC02 Table 1
1913,Polymer Foam Product Manufacturing,191,2025,37.0,27.0,31.0,19.0,0.0,114.0,ABS 8165.0 DC02 Table 1
1914,Tyre Manufacturing,191,2025,25.0,22.0,12.0,9.0,0.0,68.0,ABS 8165.0 DC02 Table 1
1915,Adhesive Manufacturing,191,2025,21.0,5.0,14.0,6.0,0.0,46.0,ABS 8165.0 DC02 Table 1
1916,Paint and Coatings Manufacturing,191,2025,160.0,85.0,55.0,34.0,5.0,339.0,ABS 8165.0 DC02 Table 1
1919,Other Polymer Product Manufacturing,191,2025,397.0,204.0,149.0,99.0,3.0,850.0,ABS 8165.0 DC02 Table 1
1920,Natural Rubber Product Manufacturing,192,2025,38.0,33.0,35.0,22.0,0.0,130.0,ABS 8165.0 DC02 Table 1
2010,Glass and Glass Product Manufacturing,201,2025,252.0,150.0,102.0,54.0,5.0,563.0,ABS 8165.0 DC02 Table 1
2021,Clay Brick Manufacturing,202,2025,13.0,0.0,9.0,4.0,0.0,29.0,ABS 8165.0 DC02 Table 1
2029,Other Ceramic Product Manufacturing,202,2025,276.0,93.0,51.0,25.0,0.0,445.0,ABS 8165.0 DC02 Table 1
2031,Cement and Lime Manufacturing,203,2025,37.0,20.0,13.0,5.0,4.0,79.0,ABS 8165.0 DC02 Table 1
2032,Plaster Product Manufacturing,203,2025,71.0,28.0,23.0,4.0,3.0,128.0,ABS 8165.0 DC02 Table 1
2033,Ready-Mixed Concrete Manufacturing,203,2025,65.0,39.0,43.0,34.0,7.0,188.0,ABS 8165.0 DC02 Table 1
2034,Concrete Product Manufacturing,203,2025,339.0,185.0,147.0,100.0,3.0,774.0,ABS 8165.0 DC02 Table 1
2090,Other Non-Metallic Mineral Product Manufacturing,209,2025,746.0,604.0,304.0,50.0,3.0,1706.0,ABS 8165.0 DC02 Table 1
2110,Iron Smelting and Steel Manufacturing,211,2025,397.0,267.0,212.0,112.0,9.0,997.0,ABS 8165.0 DC02 Table 1
2121,Iron and Steel Casting,212,2025,78.0,50.0,31.0,12.0,3.0,174.0,ABS 8165.0 DC02 Table 1
2122,Steel Pipe and Tube Manufacturing,212,2025,59.0,37.0,27.0,22.0,0.0,147.0,ABS 8165.0 DC02 Table 1
2131,Alumina Production,213,2025,8.0,3.0,4.0,0.0,3.0,19.0,ABS 8165.0 DC02 Table 1
2132,Aluminium Smelting,213,2025,10.0,17.0,10.0,3.0,3.0,43.0,ABS 8165.0 DC02 Table 1
2133,"Copper, Silver, Lead and Zinc Smelting and Refining",213,2025,18.0,14.0,4.0,5.0,3.0,44.0,ABS 8165.0 DC02 Table 1
2139,Other Basic Non-Ferrous Metal Manufacturing,213,2025,64.0,39.0,14.0,11.0,3.0,131.0,ABS 8165.0 DC02 Table 1
2141,Non-Ferrous Metal Casting,214,2025,19.0,13.0,19.0,0.0,0.0,53.0,ABS 8165.0 DC02 Table 1
2142,"Aluminium Rolling, Drawing, Extruding",214,2025,20.0,15.0,22.0,14.0,3.0,72.0,ABS 8165.0 DC02 Table 1
2149,Other Basic Non-Ferrous Metal Product Manufacturing,214,2025,15.0,21.0,17.0,15.0,0.0,69.0,ABS 8165.0 DC02 Table 1
2210,Iron and Steel Forging,221,2025,48.0,38.0,25.0,13.0,0.0,125.0,ABS 8165.0 DC02 Table 1
2221,Structural Steel Fabricating,222,2025,824.0,678.0,445.0,212.0,11.0,2170.0,ABS 8165.0 DC02 Table 1
2222,Prefabricated Metal Building Manufacturing,222,2025,891.0,652.0,286.0,82.0,4.0,1915.0,ABS 8165.0 DC02 Table 1
2223,Architectural Aluminium Product Manufacturing,222,2025,576.0,469.0,373.0,120.0,11.0,1549.0,ABS 8165.0 DC02 Table 1
2224,Metal Roof and Guttering Manufacturing (except Aluminium),222,2025,46.0,31.0,23.0,10.0,4.0,114.0,ABS 8165.0 DC02 Table 1
2229,Other Structural Metal Product Manufacturing,222,2025,668.0,471.0,315.0,96.0,5.0,1555.0,ABS 8165.0 DC02 Table 1
2231,"Boiler, Tank and Other Heavy Gauge Metal Container Manufacturing",223,2025,813.0,660.0,165.0,47.0,0.0,1686.0,ABS 8165.0 DC02 Table 1
2239,Other Metal Container Manufacturing,223,2025,98.0,67.0,32.0,22.0,5.0,224.0,ABS 8165.0 DC02 Table 1
2240,Sheet Metal Product Manufacturing (except Metal Structural and Container,224,2025,389.0,262.0,228.0,96.0,3.0,977.0,ABS 8165.0 DC02 Table 1
2291,Spring and Wire Product Manufacturing,229,2025,146.0,75.0,52.0,32.0,3.0,306.0,ABS 8165.0 DC02 Table 1
2292,"Nut, Bolt, Screw and Rivet Manufacturing",229,2025,51.0,28.0,29.0,12.0,3.0,122.0,ABS 8165.0 DC02 Table 1
2293,Metal Coating and Finishing,229,2025,537.0,405.0,376.0,117.0,0.0,1435.0,ABS 8165.0 DC02 Table 1
2299,Other Fabricated Metal Product Manufacturing n.e.c.,229,2025,2577.0,1544.0,557.0,174.0,7.0,4859.0,ABS 8165.0 DC02 Table 1
2311,Motor Vehicle Manufacturing,231,2025,169.0,74.0,44.0,23.0,4.0,314.0,ABS 8165.0 DC02 Table 1
2312,Motor Vehicle Body and Trailer Manufacturing,231,2025,666.0,326.0,308.0,178.0,15.0,1493.0,ABS 8165.0 DC02 Table 1
2313,Automotive Electrical Component Manufacturing,231,2025,287.0,127.0,59.0,28.0,3.0,503.0,ABS 8165.0 DC02 Table 1
2319,Other Motor Vehicle Parts Manufacturing,231,2025,554.0,325.0,162.0,95.0,9.0,1145.0,ABS 8165.0 DC02 Table 1
2391,Shipbuilding and Repair Services,239,2025,187.0,134.0,57.0,24.0,10.0,412.0,ABS 8165.0 DC02 Table 1
2392,Boatbuilding and Repair Services,239,2025,738.0,501.0,209.0,44.0,3.0,1495.0,ABS 8165.0 DC02 Table 1
2393,Railway Rolling Stock Manufacturing and Repair Services,239,2025,48.0,25.0,28.0,15.0,7.0,123.0,ABS 8165.0 DC02 Table 1
2394,Aircraft Manufacturing and Repair Services,239,2025,508.0,263.0,143.0,50.0,6.0,970.0,ABS 8165.0 DC02 Table 1
2399,Other Transport Equipment Manufacturing n.e.c.,239,2025,182.0,77.0,31.0,8.0,3.0,301.0,ABS 8165.0 DC02 Table 1
2411,"Photographic, Optical and Ophthalmic Equipment Manufacturing",241,2025,83.0,46.0,16.0,7.0,0.0,153.0,ABS 8165.0 DC02 Table 1
2412,Medical and Surgical Equipment Manufacturing,241,2025,886.0,635.0,250.0,68.0,6.0,1845.0,ABS 8165.0 DC02 Table 1
2419,Other Professional and Scientific Equipment Manufacturing,241,2025,364.0,227.0,125.0,61.0,5.0,782.0,ABS 8165.0 DC02 Table 1
2421,Computer and Electronic Office Equipment Manufacturing,242,2025,153.0,77.0,52.0,15.0,0.0,297.0,ABS 8165.0 DC02 Table 1
2422,Communication Equipment Manufacturing,242,2025,146.0,85.0,55.0,32.0,4.0,322.0,ABS 8165.0 DC02 Table 1
2429,Other Electronic Equipment Manufacturing,242,2025,287.0,143.0,85.0,46.0,4.0,565.0,ABS 8165.0 DC02 Table 1
2431,Electric Cable and Wire Manufacturing,243,2025,41.0,23.0,20.0,17.0,3.0,104.0,ABS 8165.0 DC02 Table 1
2432,Electric Lighting Equipment Manufacturing,243,2025,163.0,107.0,66.0,42.0,0.0,378.0,ABS 8165.0 DC02 Table 1
2439,Other Electrical Equipment Manufacturing,243,2025,491.0,268.0,178.0,81.0,11.0,1029.0,ABS 8165.0 DC02 Table 1
2441,Whiteware Appliance Manufacturing,244,2025,58.0,33.0,21.0,3.0,0.0,116.0,ABS 8165.0 DC02 Table 1
2449,Other Domestic Appliance Manufacturing,244,2025,153.0,77.0,28.0,19.0,0.0,278.0,ABS 8165.0 DC02 Table 1
2451,Pump and Compressor Manufacturing,245,2025,61.0,36.0,44.0,36.0,0.0,178.0,ABS 8165.0 DC02 Table 1
2452,"Fixed Space Heating, Cooling and Ventilation Equipment Manufacturing",245,2025,160.0,113.0,68.0,34.0,4.0,379.0,ABS 8165.0 DC02 Table 1
2461,Agricultural Machinery and Equipment Manufacturing,246,2025,409.0,172.0,167.0,89.0,3.0,839.0,ABS 8165.0 DC02 Table 1
2462,Mining and Construction Machinery Manufacturing,246,2025,399.0,236.0,164.0,82.0,8.0,889.0,ABS 8165.0 DC02 Table 1
2463,Machine Tool and Parts Manufacturing,246,2025,783.0,520.0,300.0,88.0,0.0,1693.0,ABS 8165.0 DC02 Table 1
2469,Other Specialised Machinery and Equipment Manufacturing,246,2025,437.0,237.0,151.0,58.0,4.0,887.0,ABS 8165.0 DC02 Table 1
2491,Lifting and Material Handling Equipment Manufacturing,249,2025,180.0,153.0,129.0,62.0,5.0,529.0,ABS 8165.0 DC02 Table 1
2499,Other Machinery and Equipment Manufacturing n.e.c.,249,2025,351.0,230.0,151.0,89.0,3.0,824.0,ABS 8165.0 DC02 Table 1
2511,Wooden Furniture and Upholstered Seat Manufacturing,251,2025,2253.0,1328.0,616.0,129.0,3.0,4328.0,ABS 8165.0 DC02 Table 1
2512,Metal Furniture Manufacturing,251,2025,206.0,122.0,124.0,33.0,0.0,486.0,ABS 8165.0 DC02 Table 1
2513,Mattress Manufacturing,251,2025,26.0,18.0,16.0,8.0,4.0,72.0,ABS 8165.0 DC02 Table 1
2519,Other Furniture Manufacturing,251,2025,157.0,75.0,42.0,16.0,0.0,290.0,ABS 8165.0 DC02 Table 1
2591,Jewellery and Silverware Manufacturing,259,2025,975.0,347.0,101.0,15.0,0.0,1438.0,ABS 8165.0 DC02 Table 1
2592,"Toy, Sporting and Recreational Product Manufacturing",259,2025,605.0,208.0,97.0,22.0,0.0,932.0,ABS 8165.0 DC02 Table 1
2599,Other Manufacturing n.e.c.,259,2025,821.0,467.0,244.0,63.0,0.0,1595.0,ABS 8165.0 DC02 Table 1
2611,Fossil Fuel Electricity Generation,261,2025,74.0,13.0,7.0,20.0,8.0,122.0,ABS 8165.0 DC02 Table 1
2612,Hydro-Electricity Generation,261,2025,21.0,5.0,0.0,3.0,0.0,32.0,ABS 8165.0 DC02 Table 1
2619,Other Electricity Generation,261,2025,1349.0,219.0,86.0,47.0,4.0,1705.0,ABS 8165.0 DC02 Table 1
2620,Electricity Transmission,262,2025,34.0,11.0,4.0,3.0,4.0,55.0,ABS 8165.0 DC02 Table 1
2630,Electricity Distribution,263,2025,83.0,16.0,6.0,5.0,12.0,122.0,ABS 8165.0 DC02 Table 1
2640,On Selling Electricity and Electricity Market Operation,264,2025,195.0,56.0,22.0,28.0,9.0,310.0,ABS 8165.0 DC02 Table 1
2700,Gas Supply,270,2025,98.0,39.0,30.0,7.0,5.0,179.0,ABS 8165.0 DC02 Table 1
2811,Water Supply,281,2025,344.0,122.0,64.0,43.0,20.0,593.0,ABS 8165.0 DC02 Table 1
2812,Sewerage and Drainage Services,281,2025,105.0,61.0,22.0,6.0,0.0,195.0,ABS 8165.0 DC02 Table 1
2911,Solid Waste Collection Services,291,2025,1111.0,826.0,313.0,100.0,6.0,2356.0,ABS 8165.0 DC02 Table 1
2919,Other Waste Collection Services,291,2025,149.0,122.0,56.0,19.0,3.0,349.0,ABS 8165.0 DC02 Table 1
2921,Waste Treatment and Disposal Services,292,2025,380.0,238.0,136.0,49.0,3.0,804.0,ABS 8165.0 DC02 Table 1
2922,Waste Remediation and Materials Recovery Services,292,2025,1041.0,554.0,327.0,118.0,8.0,2048.0,ABS 8165.0 DC02 Table 1
3011,House Construction,301,2025,40171.0,21314.0,3953.0,539.0,25.0,66002.0,ABS 8165.0 DC02 Table 1
3019,Other Residential Building Construction,301,2025,22401.0,5677.0,1092.0,152.0,9.0,29331.0,ABS 8165.0 DC02 Table 1
3020,Non-Residential Building Construction,302,2025,12267.0,4379.0,1425.0,522.0,30.0,18623.0,ABS 8165.0 DC02 Table 1
3101,Road and Bridge Construction,310,2025,1096.0,787.0,359.0,224.0,26.0,2492.0,ABS 8165.0 DC02 Table 1
3109,Other Heavy and Civil Engineering Construction,310,2025,3958.0,2668.0,902.0,379.0,66.0,7973.0,ABS 8165.0 DC02 Table 1
3211,Land Development and Subdivision,321,2025,11599.0,835.0,159.0,60.0,3.0,12656.0,ABS 8165.0 DC02 Table 1
3212,Site Preparation Services,321,2025,11851.0,8201.0,1894.0,652.0,21.0,22619.0,ABS 8165.0 DC02 Table 1
3221,Concreting Services,322,2025,8937.0,5567.0,1377.0,242.0,6.0,16129.0,ABS 8165.0 DC02 Table 1
3222,Bricklaying Services,322,2025,6096.0,2651.0,476.0,57.0,0.0,9280.0,ABS 8165.0 DC02 Table 1
3223,Roofing Services,322,2025,2931.0,2440.0,779.0,90.0,0.0,6240.0,ABS 8165.0 DC02 Table 1
3224,Structural Steel Erection Services,322,2025,2662.0,1747.0,538.0,189.0,3.0,5139.0,ABS 8165.0 DC02 Table 1
3231,Plumbing Services,323,2025,14647.0,13351.0,2936.0,444.0,3.0,31380.0,ABS 8165.0 DC02 Table 1
3232,Electrical Services,323,2025,21621.0,21152.0,4609.0,869.0,28.0,48279.0,ABS 8165.0 DC02 Table 1
3233,Air Conditioning and Heating Services,323,2025,3100.0,3100.0,1056.0,219.0,6.0,7481.0,ABS 8165.0 DC02 Table 1
3234,Fire and Security Alarm Installation Services,323,2025,1758.0,1568.0,575.0,169.0,4.0,4074.0,ABS 8165.0 DC02 Table 1
3239,Other Building Installation Services,323,2025,3296.0,2229.0,587.0,131.0,6.0,6249.0,ABS 8165.0 DC02 Table 1
3241,Plastering and Ceiling Services,324,2025,11286.0,4504.0,558.0,57.0,0.0,16407.0,ABS 8165.0 DC02 Table 1
3242,Carpentry Services,324,2025,34178.0,16877.0,2512.0,307.0,9.0,53883.0,ABS 8165.0 DC02 Table 1
3243,Tiling and Carpeting Services,324,2025,14009.0,5990.0,516.0,45.0,0.0,20560.0,ABS 8165.0 DC02 Table 1
3244,Painting and Decorating Services,324,2025,16828.0,6583.0,859.0,85.0,3.0,24357.0,ABS 8165.0 DC02 Table 1
3245,Glazing Services,324,2025,2031.0,1443.0,449.0,67.0,0.0,3990.0,ABS 8165.0 DC02 Table 1
3291,Landscape Construction Services,329,2025,10870.0,6464.0,1657.0,292.0,0.0,19283.0,ABS 8165.0 DC02 Table 1
3292,Hire of Construction Machinery with Operator,329,2025,1171.0,668.0,246.0,92.0,5.0,2182.0,ABS 8165.0 DC02 Table 1
3299,Other Construction Services n.e.c.,329,2025,19923.0,6563.0,1458.0,375.0,11.0,28330.0,ABS 8165.0 DC02 Table 1
3311,Wool Wholesaling,331,2025,72.0,40.0,27.0,4.0,0.0,143.0,ABS 8165.0 DC02 Table 1
3312,Cereal Grain Wholesaling,331,2025,159.0,79.0,45.0,32.0,0.0,317.0,ABS 8165.0 DC02 Table 1
3319,Other Agricultural Product Wholesaling,331,2025,2117.0,849.0,591.0,189.0,10.0,3756.0,ABS 8165.0 DC02 Table 1
3321,Petroleum Product Wholesaling,332,2025,361.0,162.0,108.0,57.0,11.0,699.0,ABS 8165.0 DC02 Table 1
3322,Metal and Mineral Wholesaling,332,2025,764.0,415.0,317.0,94.0,9.0,1599.0,ABS 8165.0 DC02 Table 1
3323,Industrial and Agricultural Chemical Product Wholesaling,332,2025,1153.0,712.0,325.0,130.0,7.0,2327.0,ABS 8165.0 DC02 Table 1
3331,Timber Wholesaling,333,2025,431.0,209.0,165.0,79.0,3.0,887.0,ABS 8165.0 DC02 Table 1
3332,Plumbing Goods Wholesaling,333,2025,331.0,197.0,152.0,64.0,6.0,750.0,ABS 8165.0 DC02 Table 1
3339,Other Hardware Goods Wholesaling,333,2025,2496.0,1583.0,931.0,332.0,19.0,5361.0,ABS 8165.0 DC02 Table 1
3411,Agricultural and Construction Machinery Wholesaling,341,2025,795.0,497.0,363.0,153.0,18.0,1826.0,ABS 8165.0 DC02 Table 1
3419,Other Specialised Industrial Machinery and Equipment Wholesaling,341,2025,1019.0,744.0,403.0,178.0,20.0,2364.0,ABS 8165.0 DC02 Table 1
3491,Professional and Scientific Goods Wholesaling,349,2025,1097.0,678.0,401.0,186.0,29.0,2391.0,ABS 8165.0 DC02 Table 1
3492,Computer and Computer Peripheral Wholesaling,349,2025,548.0,346.0,166.0,101.0,11.0,1172.0,ABS 8165.0 DC02 Table 1
3493,Telecommunication Goods Wholesaling,349,2025,415.0,275.0,113.0,51.0,4.0,858.0,ABS 8165.0 DC02 Table 1
3494,Other Electrical and Electronic Goods Wholesaling,349,2025,1986.0,1311.0,732.0,318.0,32.0,4379.0,ABS 8165.0 DC02 Table 1
3499,Other Machinery and Equipment Wholesaling n.e.c.,349,2025,900.0,607.0,489.0,182.0,5.0,2183.0,ABS 8165.0 DC02 Table 1
3501,Car Wholesaling,350,2025,751.0,308.0,73.0,37.0,11.0,1180.0,ABS 8165.0 DC02 Table 1
3502,Commercial Vehicle Wholesaling,350,2025,123.0,66.0,40.0,30.0,9.0,268.0,ABS 8165.0 DC02 Table 1
3503,Trailer and Other Motor Vehicle Wholesaling,350,2025,95.0,47.0,38.0,17.0,3.0,198.0,ABS 8165.0 DC02 Table 1
3504,Motor Vehicle New Parts Wholesaling,350,2025,1126.0,769.0,438.0,168.0,15.0,2516.0,ABS 8165.0 DC02 Table 1
3505,Motor Vehicle Dismantling and Used Parts Wholesaling,350,2025,925.0,540.0,211.0,23.0,0.0,1700.0,ABS 8165.0 DC02 Table 1
3601,General Line Grocery Wholesaling,360,2025,301.0,215.0,128.0,58.0,7.0,709.0,ABS 8165.0 DC02 Table 1
3602,"Meat, Poultry and Smallgoods Wholesaling",360,2025,484.0,388.0,277.0,141.0,6.0,1296.0,ABS 8165.0 DC02 Table 1
3603,Dairy Produce Wholesaling,360,2025,261.0,143.0,98.0,41.0,3.0,545.0,ABS 8165.0 DC02 Table 1
3604,Fish and Seafood Wholesaling,360,2025,345.0,228.0,139.0,70.0,0.0,784.0,ABS 8165.0 DC02 Table 1
3605,Fruit and Vegetable Wholesaling,360,2025,596.0,367.0,321.0,148.0,9.0,1441.0,ABS 8165.0 DC02 Table 1
3606,Liquor and Tobacco Product Wholesaling,360,2025,1386.0,596.0,197.0,75.0,4.0,2258.0,ABS 8165.0 DC02 Table 1
3609,Other Grocery Wholesaling,360,2025,2661.0,1424.0,830.0,348.0,18.0,5281.0,ABS 8165.0 DC02 Table 1
3711,Textile Product Wholesaling,371,2025,600.0,337.0,181.0,44.0,0.0,1162.0,ABS 8165.0 DC02 Table 1
3712,Clothing and Footwear Wholesaling,371,2025,1483.0,762.0,366.0,172.0,16.0,2799.0,ABS 8165.0 DC02 Table 1
3720,Pharmaceutical and Toiletry Goods Wholesaling,372,2025,1390.0,729.0,363.0,164.0,34.0,2680.0,ABS 8165.0 DC02 Table 1
3731,Furniture and Floor Covering Wholesaling,373,2025,867.0,553.0,301.0,100.0,0.0,1823.0,ABS 8165.0 DC02 Table 1
3732,Jewellery and Watch Wholesaling,373,2025,607.0,287.0,82.0,25.0,0.0,1002.0,ABS 8165.0 DC02 Table 1
3733,Kitchen and Diningware Wholesaling,373,2025,729.0,373.0,166.0,39.0,3.0,1309.0,ABS 8165.0 DC02 Table 1
3734,Toy and Sporting Goods Wholesaling,373,2025,779.0,371.0,207.0,69.0,5.0,1431.0,ABS 8165.0 DC02 Table 1
3735,Book and Magazine Wholesaling,373,2025,168.0,55.0,28.0,18.0,3.0,270.0,ABS 8165.0 DC02 Table 1
3736,Paper Product Wholesaling,373,2025,454.0,291.0,151.0,53.0,8.0,957.0,ABS 8165.0 DC02 Table 1
3739,Other Goods Wholesaling n.e.c.,373,2025,2194.0,1092.0,631.0,193.0,5.0,4115.0,ABS 8165.0 DC02 Table 1
3800,Commission-Based Wholesaling,380,2025,10095.0,4195.0,866.0,194.0,11.0,15361.0,ABS 8165.0 DC02 Table 1
3911,Car Retailing,391,2025,2617.0,1318.0,415.0,571.0,48.0,4969.0,ABS 8165.0 DC02 Table 1
3912,Motor Cycle Retailing,391,2025,233.0,184.0,137.0,26.0,3.0,581.0,ABS 8165.0 DC02 Table 1
3913,Trailer and Other Motor Vehicle Retailing,391,2025,242.0,139.0,109.0,48.0,0.0,538.0,ABS 8165.0 DC02 Table 1
3921,Motor Vehicle Parts Retailing,392,2025,1197.0,1057.0,478.0,63.0,4.0,2799.0,ABS 8165.0 DC02 Table 1
3922,Tyre Retailing,392,2025,565.0,766.0,762.0,78.0,0.0,2171.0,ABS 8165.0 DC02 Table 1
4000,Fuel Retailing,400,2025,1228.0,1240.0,1331.0,222.0,11.0,4032.0,ABS 8165.0 DC02 Table 1
4110,Supermarket and Grocery Stores,411,2025,3685.0,3695.0,1916.0,980.0,37.0,10313.0,ABS 8165.0 DC02 Table 1
4121,"Fresh Meat, Fish and Poultry Retailing",412,2025,1001.0,1686.0,1125.0,173.0,3.0,3987.0,ABS 8165.0 DC02 Table 1
4122,Fruit and Vegetable Retailing,412,2025,944.0,619.0,469.0,201.0,7.0,2240.0,ABS 8165.0 DC02 Table 1
4123,Liquor Retailing,412,2025,926.0,874.0,513.0,110.0,4.0,2427.0,ABS 8165.0 DC02 Table 1
4129,Other Specialised Food Retailing,412,2025,3280.0,2266.0,1262.0,259.0,8.0,7075.0,ABS 8165.0 DC02 Table 1
4211,Furniture Retailing,421,2025,1414.0,1203.0,701.0,118.0,11.0,3447.0,ABS 8165.0 DC02 Table 1
4212,Floor Coverings Retailing,421,2025,666.0,865.0,442.0,32.0,0.0,2005.0,ABS 8165.0 DC02 Table 1
4213,Houseware Retailing,421,2025,852.0,549.0,272.0,20.0,8.0,1701.0,ABS 8165.0 DC02 Table 1
4214,Manchester and Other Textile Goods Retailing,421,2025,677.0,457.0,139.0,13.0,6.0,1292.0,ABS 8165.0 DC02 Table 1
4221,"Electrical, Electronic and Gas Appliance Retailing",422,2025,1842.0,1451.0,1352.0,234.0,13.0,4892.0,ABS 8165.0 DC02 Table 1
4222,Computer and Computer Peripheral Retailing,422,2025,1453.0,904.0,266.0,76.0,4.0,2703.0,ABS 8165.0 DC02 Table 1
4229,Other Electrical and Electronic Goods Retailing,422,2025,835.0,600.0,225.0,39.0,0.0,1700.0,ABS 8165.0 DC02 Table 1
4231,Hardware and Building Supplies Retailing,423,2025,2263.0,2052.0,1321.0,239.0,5.0,5880.0,ABS 8165.0 DC02 Table 1
4232,Garden Supplies Retailing,423,2025,1102.0,671.0,467.0,92.0,3.0,2335.0,ABS 8165.0 DC02 Table 1
4241,Sport and Camping Equipment Retailing,424,2025,1805.0,1265.0,733.0,95.0,5.0,3903.0,ABS 8165.0 DC02 Table 1
4242,Entertainment Media Retailing,424,2025,404.0,160.0,58.0,8.0,0.0,631.0,ABS 8165.0 DC02 Table 1
4243,Toy and Game Retailing,424,2025,1022.0,502.0,163.0,25.0,3.0,1715.0,ABS 8165.0 DC02 Table 1
4244,Newspaper and Book Retailing,424,2025,1019.0,1184.0,650.0,55.0,6.0,2914.0,ABS 8165.0 DC02 Table 1
4245,Marine Equipment Retailing,424,2025,405.0,294.0,176.0,17.0,0.0,892.0,ABS 8165.0 DC02 Table 1
4251,Clothing Retailing,425,2025,8352.0,4276.0,1608.0,321.0,85.0,14642.0,ABS 8165.0 DC02 Table 1
4252,Footwear Retailing,425,2025,514.0,336.0,194.0,64.0,17.0,1125.0,ABS 8165.0 DC02 Table 1
4253,Watch and Jewellery Retailing,425,2025,1278.0,987.0,323.0,57.0,11.0,2656.0,ABS 8165.0 DC02 Table 1
4259,Other Personal Accessory Retailing,425,2025,401.0,178.0,68.0,14.0,3.0,664.0,ABS 8165.0 DC02 Table 1
4260,Department Stores,426,2025,66.0,51.0,42.0,11.0,7.0,177.0,ABS 8165.0 DC02 Table 1
4271,"Pharmaceutical, Cosmetic and Toiletry Goods Retailing",427,2025,2818.0,1702.0,3188.0,1266.0,16.0,8990.0,ABS 8165.0 DC02 Table 1
4272,Stationery Goods Retailing,427,2025,368.0,272.0,123.0,23.0,0.0,787.0,ABS 8165.0 DC02 Table 1
4273,Antique and Used Goods Retailing,427,2025,1420.0,590.0,162.0,39.0,4.0,2215.0,ABS 8165.0 DC02 Table 1
4274,Flower Retailing,427,2025,1307.0,1032.0,317.0,33.0,3.0,2690.0,ABS 8165.0 DC02 Table 1
4279,Other Store-Based Retailing n.e.c.,427,2025,7719.0,4868.0,2107.0,254.0,18.0,14966.0,ABS 8165.0 DC02 Table 1
4310,Non-Store Retailing,431,2025,17968.0,5330.0,1298.0,258.0,15.0,24869.0,ABS 8165.0 DC02 Table 1
4320,Retail Commission-Based Buying and/or Selling,432,2025,3671.0,1265.0,268.0,41.0,0.0,5246.0,ABS 8165.0 DC02 Table 1
4400,Accommodation,440,2025,6835.0,3463.0,2451.0,961.0,95.0,13805.0,ABS 8165.0 DC02 Table 1
4511,Cafes and Restaurants,451,2025,13197.0,19801.0,18420.0,4702.0,185.0,56305.0,ABS 8165.0 DC02 Table 1
4512,Takeaway Food Services,451,2025,9893.0,9922.0,6102.0,1401.0,97.0,27415.0,ABS 8165.0 DC02 Table 1
4513,Catering Services,451,2025,2462.0,1381.0,797.0,300.0,24.0,4964.0,ABS 8165.0 DC02 Table 1
4520,"Pubs, Taverns and Bars",452,2025,2004.0,1253.0,1920.0,1669.0,28.0,6874.0,ABS 8165.0 DC02 Table 1
4530,Clubs (Hospitality),453,2025,834.0,857.0,994.0,845.0,47.0,3577.0,ABS 8165.0 DC02 Table 1
4610,Road Freight Transport,461,2025,40759.0,19739.0,3633.0,1019.0,75.0,65225.0,ABS 8165.0 DC02 Table 1
4621,Interurban and Rural Bus Transport,462,2025,274.0,173.0,99.0,66.0,7.0,619.0,ABS 8165.0 DC02 Table 1
4622,Urban Bus Transport (Including Tramway),462,2025,955.0,662.0,213.0,104.0,29.0,1963.0,ABS 8165.0 DC02 Table 1
4623,Taxi and Other Road Transport,462,2025,31960.0,929.0,165.0,55.0,7.0,33116.0,ABS 8165.0 DC02 Table 1
4710,Rail Freight Transport,471,2025,21.0,10.0,5.0,6.0,7.0,49.0,ABS 8165.0 DC02 Table 1
4720,Rail Passenger Transport,472,2025,21.0,9.0,3.0,4.0,8.0,43.0,ABS 8165.0 DC02 Table 1
4810,Water Freight Transport,481,2025,244.0,92.0,28.0,25.0,6.0,395.0,ABS 8165.0 DC02 Table 1
4820,Water Passenger Transport,482,2025,197.0,81.0,34.0,16.0,8.0,336.0,ABS 8165.0 DC02 Table 1
4900,Air and Space Transport,490,2025,959.0,288.0,140.0,77.0,16.0,1480.0,ABS 8165.0 DC02 Table 1
5010,Scenic and Sightseeing Transport,501,2025,1536.0,625.0,289.0,111.0,5.0,2566.0,ABS 8165.0 DC02 Table 1
5021,Pipeline Transport,502,2025,49.0,21.0,3.0,5.0,3.0,80.0,ABS 8165.0 DC02 Table 1
5029,Other Transport n.e.c.,502,2025,646.0,162.0,24.0,12.0,3.0,847.0,ABS 8165.0 DC02 Table 1
5101,Postal Services,510,2025,2550.0,2086.0,482.0,45.0,4.0,5167.0,ABS 8165.0 DC02 Table 1
5102,Courier Pick-up and Delivery Services,510,2025,61324.0,4995.0,525.0,210.0,7.0,67061.0,ABS 8165.0 DC02 Table 1
5211,Stevedoring Services,521,2025,88.0,20.0,21.0,16.0,0.0,145.0,ABS 8165.0 DC02 Table 1
5212,Port and Water Transport Terminal Operations,521,2025,80.0,33.0,22.0,29.0,13.0,177.0,ABS 8165.0 DC02 Table 1
5219,Other Water Transport Support Services,521,2025,593.0,194.0,88.0,58.0,10.0,943.0,ABS 8165.0 DC02 Table 1
5220,Airport Operations and Other Air Transport Support Services,522,2025,475.0,245.0,71.0,41.0,15.0,847.0,ABS 8165.0 DC02 Table 1
5291,Customs Agency Services,529,2025,289.0,210.0,80.0,35.0,0.0,614.0,ABS 8165.0 DC02 Table 1
5292,Freight Forwarding Services,529,2025,434.0,430.0,162.0,87.0,24.0,1137.0,ABS 8165.0 DC02 Table 1
5299,Other Transport Support Services n.e.c.,529,2025,62770.0,1270.0,187.0,70.0,7.0,64304.0,ABS 8165.0 DC02 Table 1
5301,Grain Storage Services,530,2025,65.0,21.0,15.0,13.0,3.0,117.0,ABS 8165.0 DC02 Table 1
5309,Other Warehousing and Storage Services,530,2025,1305.0,427.0,203.0,112.0,11.0,2058.0,ABS 8165.0 DC02 Table 1
5411,Newspaper Publishing,541,2025,96.0,76.0,76.0,23.0,3.0,274.0,ABS 8165.0 DC02 Table 1
5412,Magazine and Other Periodical Publishing,541,2025,285.0,187.0,71.0,25.0,3.0,570.0,ABS 8165.0 DC02 Table 1
5413,Book Publishing,541,2025,611.0,188.0,52.0,27.0,6.0,884.0,ABS 8165.0 DC02 Table 1
5414,Directory and Mailing List Publishing,541,2025,27.0,11.0,4.0,0.0,3.0,43.0,ABS 8165.0 DC02 Table 1
5419,"Other Publishing (except Software, Music and Internet)",541,2025,115.0,36.0,12.0,6.0,0.0,169.0,ABS 8165.0 DC02 Table 1
5420,Software Publishing,542,2025,841.0,349.0,132.0,45.0,21.0,1388.0,ABS 8165.0 DC02 Table 1
5511,Motion Picture and Video Production,551,2025,5470.0,2219.0,398.0,193.0,36.0,8316.0,ABS 8165.0 DC02 Table 1
5512,Motion Picture and Video Distribution,551,2025,146.0,52.0,18.0,10.0,3.0,229.0,ABS 8165.0 DC02 Table 1
5513,Motion Picture Exhibition,551,2025,171.0,68.0,76.0,49.0,5.0,369.0,ABS 8165.0 DC02 Table 1
5514,Post-production Services and Other Motion Picture and Video Activities,551,2025,772.0,265.0,60.0,22.0,3.0,1121.0,ABS 8165.0 DC02 Table 1
5521,Music Publishing,552,2025,135.0,48.0,17.0,3.0,0.0,203.0,ABS 8165.0 DC02 Table 1
5522,Music and Other Sound Recording Activities,552,2025,1274.0,467.0,81.0,28.0,0.0,1850.0,ABS 8165.0 DC02 Table 1
5610,Radio Broadcasting,561,2025,94.0,37.0,39.0,14.0,5.0,189.0,ABS 8165.0 DC02 Table 1
5621,Free-to-Air Television Broadcasting,562,2025,50.0,28.0,6.0,4.0,4.0,92.0,ABS 8165.0 DC02 Table 1
5622,Cable and Other Subscription Broadcasting,562,2025,32.0,26.0,5.0,0.0,3.0,67.0,ABS 8165.0 DC02 Table 1
5700,Internet Publishing and Broadcasting,570,2025,1234.0,383.0,143.0,40.0,5.0,1805.0,ABS 8165.0 DC02 Table 1
5801,Wired Telecommunications Network Operation,580,2025,802.0,556.0,73.0,27.0,5.0,1463.0,ABS 8165.0 DC02 Table 1
5802,Other Telecommunications Network Operation,580,2025,387.0,200.0,72.0,26.0,6.0,691.0,ABS 8165.0 DC02 Table 1
5809,Other Telecommunications Services,580,2025,458.0,224.0,88.0,35.0,0.0,805.0,ABS 8165.0 DC02 Table 1
5910,Internet Service Providers and Web Search Portals,591,2025,931.0,313.0,76.0,23.0,5.0,1348.0,ABS 8165.0 DC02 Table 1
5921,Data Processing and Web Hosting Services,592,2025,1376.0,540.0,175.0,76.0,7.0,2174.0,ABS 8165.0 DC02 Table 1
5922,Electronic Information Storage Services,592,2025,494.0,303.0,95.0,28.0,3.0,923.0,ABS 8165.0 DC02 Table 1
6010,Libraries and Archives,601,2025,63.0,25.0,10.0,0.0,0.0,101.0,ABS 8165.0 DC02 Table 1
6020,Other Information Services,602,2025,107.0,43.0,21.0,3.0,0.0,174.0,ABS 8165.0 DC02 Table 1
6221,Banking,622,2025,45.0,29.0,120.0,75.0,33.0,302.0,ABS 8165.0 DC02 Table 1
6222,Building Society Operation,622,2025,0.0,0.0,0.0,0.0,0.0,0.0,ABS 8165.0 DC02 Table 1
6223,Credit Union Operation,622,2025,0.0,0.0,0.0,0.0,3.0,3.0,ABS 8165.0 DC02 Table 1
6229,Other Depository Financial Intermediation,622,2025,631.0,233.0,69.0,13.0,8.0,954.0,ABS 8165.0 DC02 Table 1
6230,Non-Depository Financing,623,2025,2299.0,471.0,135.0,101.0,19.0,3025.0,ABS 8165.0 DC02 Table 1
6240,Financial Asset Investing,624,2025,51586.0,9674.0,1716.0,499.0,15.0,63490.0,ABS 8165.0 DC02 Table 1
6310,Life Insurance,631,2025,12.0,19.0,6.0,9.0,8.0,54.0,ABS 8165.0 DC02 Table 1
6321,Health Insurance,632,2025,37.0,38.0,12.0,18.0,14.0,119.0,ABS 8165.0 DC02 Table 1
6322,General Insurance,632,2025,114.0,42.0,28.0,33.0,23.0,240.0,ABS 8165.0 DC02 Table 1
6411,Financial Asset Broking Services,641,2025,7475.0,3683.0,348.0,68.0,11.0,11585.0,ABS 8165.0 DC02 Table 1
6419,Other Auxiliary Finance and Investment Services,641,2025,30839.0,14511.0,2715.0,611.0,59.0,48735.0,ABS 8165.0 DC02 Table 1
6420,Auxiliary Insurance Services,642,2025,2303.0,2069.0,704.0,136.0,23.0,5235.0,ABS 8165.0 DC02 Table 1
6611,Passenger Car Rental and Hiring,661,2025,2850.0,682.0,144.0,49.0,10.0,3735.0,ABS 8165.0 DC02 Table 1
6619,Other Motor Vehicle and Transport Equipment Rental and Hiring,661,2025,3312.0,750.0,233.0,52.0,7.0,4354.0,ABS 8165.0 DC02 Table 1
6620,Farm Animal and Bloodstock Leasing,662,2025,79.0,17.0,3.0,0.0,0.0,99.0,ABS 8165.0 DC02 Table 1
6631,Heavy Machinery and Scaffolding Rental and Hiring,663,2025,8845.0,1869.0,737.0,275.0,17.0,11743.0,ABS 8165.0 DC02 Table 1
6632,Video and Other Electronic Media Rental and Hiring,663,2025,253.0,81.0,22.0,5.0,0.0,361.0,ABS 8165.0 DC02 Table 1
6639,Other Goods and Equipment Rental and Hiring n.e.c.,663,2025,5116.0,1748.0,771.0,237.0,6.0,7878.0,ABS 8165.0 DC02 Table 1
6640,Non-Financial Intangible Assets (Except Copyrights) Leasing,664,2025,3015.0,519.0,203.0,85.0,7.0,3829.0,ABS 8165.0 DC02 Table 1
6711,Residential Property Operators,671,2025,54386.0,3132.0,445.0,111.0,10.0,58084.0,ABS 8165.0 DC02 Table 1
6712,Non-Residential Property Operators,671,2025,163101.0,7425.0,1335.0,252.0,22.0,172135.0,ABS 8165.0 DC02 Table 1
6720,Real Estate Services,672,2025,27359.0,12910.0,4843.0,777.0,20.0,45909.0,ABS 8165.0 DC02 Table 1
6910,Scientific Research Services,691,2025,3879.0,1685.0,463.0,198.0,13.0,6238.0,ABS 8165.0 DC02 Table 1
6921,Architectural Services,692,2025,6995.0,4937.0,1141.0,265.0,7.0,13345.0,ABS 8165.0 DC02 Table 1
6922,Surveying and Mapping Services,692,2025,1718.0,1268.0,486.0,168.0,4.0,3644.0,ABS 8165.0 DC02 Table 1
6923,Engineering Design and Engineering Consulting Services,692,2025,24818.0,18966.0,3541.0,1278.0,69.0,48672.0,ABS 8165.0 DC02 Table 1
6924,Other Specialised Design Services,692,2025,12124.0,4347.0,900.0,124.0,3.0,17498.0,ABS 8165.0 DC02 Table 1
6925,Scientific Testing and Analysis Services,692,2025,1854.0,1208.0,325.0,149.0,15.0,3551.0,ABS 8165.0 DC02 Table 1
6931,Legal Services,693,2025,12569.0,7588.0,3240.0,573.0,34.0,24004.0,ABS 8165.0 DC02 Table 1
6932,Accounting Services,693,2025,18813.0,14067.0,3585.0,518.0,17.0,37000.0,ABS 8165.0 DC02 Table 1
6940,Advertising Services,694,2025,8097.0,4046.0,995.0,365.0,24.0,13527.0,ABS 8165.0 DC02 Table 1
6950,Market Research and Statistical Services,695,2025,1681.0,734.0,171.0,93.0,10.0,2689.0,ABS 8165.0 DC02 Table 1
6961,Corporate Head Office Management Services,696,2025,241.0,156.0,113.0,113.0,43.0,666.0,ABS 8165.0 DC02 Table 1
6962,Management Advice and Related Consulting Services,696,2025,64738.0,32039.0,4672.0,1608.0,67.0,103124.0,ABS 8165.0 DC02 Table 1
6970,Veterinary Services,697,2025,1462.0,818.0,1001.0,366.0,7.0,3654.0,ABS 8165.0 DC02 Table 1
6991,Professional Photographic Services,699,2025,7344.0,1757.0,206.0,46.0,0.0,9355.0,ABS 8165.0 DC02 Table 1
6999,"Other Professional, Scientific and Technical Services n.e.c.",699,2025,1704.0,498.0,115.0,46.0,4.0,2367.0,ABS 8165.0 DC02 Table 1
7000,Computer System Design and Related Services,700,2025,34359.0,24164.0,3898.0,1422.0,84.0,63927.0,ABS 8165.0 DC02 Table 1
7211,Employment Placement and Recruitment Services,721,2025,3558.0,3153.0,1094.0,969.0,253.0,9027.0,ABS 8165.0 DC02 Table 1
7212,Labour Supply Services,721,2025,7609.0,3208.0,1606.0,1530.0,276.0,14229.0,ABS 8165.0 DC02 Table 1
7220,Travel Agency and Tour Arrangement Services,722,2025,5408.0,2762.0,607.0,204.0,12.0,8993.0,ABS 8165.0 DC02 Table 1
7291,Office Administrative Services,729,2025,6471.0,3560.0,2341.0,815.0,75.0,13262.0,ABS 8165.0 DC02 Table 1
7292,Document Preparation Services,729,2025,832.0,165.0,23.0,10.0,3.0,1033.0,ABS 8165.0 DC02 Table 1
7293,Credit Reporting and Debt Collection Services,729,2025,408.0,214.0,57.0,26.0,6.0,711.0,ABS 8165.0 DC02 Table 1
7294,Call Centre Operation,729,2025,188.0,76.0,51.0,32.0,13.0,360.0,ABS 8165.0 DC02 Table 1
7299,Other Administrative Services n.e.c.,729,2025,8042.0,3391.0,1015.0,323.0,16.0,12787.0,ABS 8165.0 DC02 Table 1
7311,Building and Other Industrial Cleaning Services,731,2025,32322.0,9428.0,2544.0,850.0,73.0,45217.0,ABS 8165.0 DC02 Table 1
7312,Building Pest Control Services,731,2025,1448.0,1161.0,230.0,29.0,3.0,2871.0,ABS 8165.0 DC02 Table 1
7313,Gardening Services,731,2025,11463.0,4824.0,1128.0,147.0,4.0,17566.0,ABS 8165.0 DC02 Table 1
7320,Packaging Services,732,2025,560.0,221.0,155.0,110.0,6.0,1052.0,ABS 8165.0 DC02 Table 1
7510,Central Government Administration,751,2025,54.0,18.0,5.0,3.0,0.0,78.0,ABS 8165.0 DC02 Table 1
7520,State Government Administration,752,2025,19.0,5.0,6.0,0.0,0.0,32.0,ABS 8165.0 DC02 Table 1
7530,Local Government Administration,753,2025,39.0,15.0,3.0,3.0,0.0,59.0,ABS 8165.0 DC02 Table 1
7540,Justice,754,2025,68.0,21.0,7.0,0.0,0.0,96.0,ABS 8165.0 DC02 Table 1
7551,Domestic Government Representation,755,2025,4.0,0.0,0.0,0.0,0.0,5.0,ABS 8165.0 DC02 Table 1
7552,Foreign Government Representation,755,2025,18.0,3.0,0.0,3.0,0.0,24.0,ABS 8165.0 DC02 Table 1
7600,Defence,760,2025,34.0,23.0,3.0,0.0,0.0,62.0,ABS 8165.0 DC02 Table 1
7712,Investigation and Security Services,771,2025,3596.0,1749.0,754.0,384.0,27.0,6510.0,ABS 8165.0 DC02 Table 1
7714,Correctional and Detention Services,771,2025,11.0,0.0,0.0,0.0,4.0,17.0,ABS 8165.0 DC02 Table 1
7719,Other Public Order and Safety Services,771,2025,256.0,151.0,91.0,132.0,22.0,652.0,ABS 8165.0 DC02 Table 1
7720,Regulatory Services,772,2025,139.0,70.0,23.0,12.0,3.0,245.0,ABS 8165.0 DC02 Table 1
8010,Preschool Education,801,2025,347.0,230.0,987.0,270.0,12.0,1846.0,ABS 8165.0 DC02 Table 1
8021,Primary Education,802,2025,84.0,35.0,97.0,207.0,3.0,426.0,ABS 8165.0 DC02 Table 1
8022,Secondary Education,802,2025,61.0,24.0,31.0,133.0,31.0,280.0,ABS 8165.0 DC02 Table 1
8023,Combined Primary and Secondary Education,802,2025,84.0,34.0,41.0,277.0,154.0,590.0,ABS 8165.0 DC02 Table 1
8024,Special School Education,802,2025,74.0,42.0,24.0,29.0,3.0,171.0,ABS 8165.0 DC02 Table 1
8101,Technical and Vocational Education and Training,810,2025,5489.0,3165.0,957.0,383.0,33.0,10027.0,ABS 8165.0 DC02 Table 1
8102,Higher Education,810,2025,375.0,160.0,83.0,76.0,14.0,708.0,ABS 8165.0 DC02 Table 1
8211,Sports and Physical Recreation Instruction,821,2025,4247.0,2087.0,1126.0,342.0,3.0,7803.0,ABS 8165.0 DC02 Table 1
8212,Arts Education,821,2025,2446.0,1104.0,758.0,84.0,0.0,4392.0,ABS 8165.0 DC02 Table 1
8219,"Adult, Community and Other Education n.e.c.",821,2025,9381.0,3937.0,1610.0,601.0,20.0,15549.0,ABS 8165.0 DC02 Table 1
8220,Educational Support Services,822,2025,787.0,345.0,112.0,34.0,5.0,1283.0,ABS 8165.0 DC02 Table 1
8401,Hospitals (Except Psychiatric Hospitals),840,2025,724.0,141.0,58.0,84.0,39.0,1046.0,ABS 8165.0 DC02 Table 1
8402,Psychiatric Hospitals,840,2025,27.0,13.0,0.0,12.0,4.0,57.0,ABS 8165.0 DC02 Table 1
8511,General Practice Medical Services,851,2025,33444.0,14039.0,4425.0,491.0,29.0,52428.0,ABS 8165.0 DC02 Table 1
8512,Specialist Medical Services,851,2025,15421.0,6916.0,1800.0,217.0,11.0,24365.0,ABS 8165.0 DC02 Table 1
8520,Pathology and Diagnostic Imaging Services,852,2025,2064.0,859.0,320.0,118.0,28.0,3389.0,ABS 8165.0 DC02 Table 1
8531,Dental Services,853,2025,11381.0,4747.0,3856.0,305.0,7.0,20296.0,ABS 8165.0 DC02 Table 1
8532,Optometry and Optical Dispensing,853,2025,1314.0,1040.0,806.0,174.0,7.0,3341.0,ABS 8165.0 DC02 Table 1
8533,Physiotherapy Services,853,2025,4773.0,2684.0,1826.0,200.0,10.0,9493.0,ABS 8165.0 DC02 Table 1
8534,Chiropractic and Osteopathic Services,853,2025,3449.0,2237.0,842.0,21.0,0.0,6549.0,ABS 8165.0 DC02 Table 1
8539,Other Allied Health Services,853,2025,29444.0,10698.0,3133.0,676.0,32.0,43983.0,ABS 8165.0 DC02 Table 1
8591,Ambulance Services,859,2025,15.0,11.0,7.0,8.0,3.0,43.0,ABS 8165.0 DC02 Table 1
8599,Other Health Care Services n.e.c.,859,2025,1888.0,777.0,301.0,108.0,10.0,3084.0,ABS 8165.0 DC02 Table 1
8601,Aged Care Residential Services,860,2025,833.0,235.0,184.0,451.0,188.0,1891.0,ABS 8165.0 DC02 Table 1
8609,Other Residential Care Services,860,2025,436.0,219.0,223.0,214.0,56.0,1148.0,ABS 8165.0 DC02 Table 1
8710,Child Care Services,871,2025,6125.0,1004.0,1977.0,2205.0,84.0,11395.0,ABS 8165.0 DC02 Table 1
8790,Other Social Assistance Services,879,2025,18694.0,6829.0,3154.0,1879.0,113.0,30669.0,ABS 8165.0 DC02 Table 1
8910,Museum Operation,891,2025,106.0,36.0,16.0,12.0,3.0,171.0,ABS 8165.0 DC02 Table 1
8921,Zoological and Botanical Gardens Operation,892,2025,65.0,50.0,25.0,21.0,5.0,166.0,ABS 8165.0 DC02 Table 1
8922,Nature Reserves and Conservation Parks Operation,892,2025,102.0,35.0,26.0,20.0,0.0,183.0,ABS 8165.0 DC02 Table 1
9001,Performing Arts Operation,900,2025,1673.0,488.0,122.0,54.0,4.0,2341.0,ABS 8165.0 DC02 Table 1
9002,"Creative Artists, Musicians, Writers and Performers",900,2025,14872.0,2272.0,267.0,50.0,0.0,17462.0,ABS 8165.0 DC02 Table 1
9003,Performing Arts Venue Operation,900,2025,429.0,258.0,170.0,101.0,5.0,963.0,ABS 8165.0 DC02 Table 1
9111,Health and Fitness Centres and Gymnasia Operation,911,2025,2507.0,3291.0,1852.0,297.0,14.0,7961.0,ABS 8165.0 DC02 Table 1
9112,Sports and Physical Recreation Clubs and Sports Professionals,911,2025,1678.0,423.0,122.0,81.0,16.0,2320.0,ABS 8165.0 DC02 Table 1
9113,"Sports and Physical Recreation Venues, Grounds and Facilities Operation",911,2025,644.0,384.0,313.0,168.0,16.0,1525.0,ABS 8165.0 DC02 Table 1
9114,Sports and Physical Recreation Administrative Service,911,2025,297.0,128.0,40.0,44.0,12.0,521.0,ABS 8165.0 DC02 Table 1
9121,Horse and Dog Racing Administration and Track Operation,912,2025,59.0,10.0,5.0,10.0,7.0,91.0,ABS 8165.0 DC02 Table 1
9129,Other Horse and Dog Racing Activities,912,2025,1143.0,480.0,255.0,88.0,0.0,1966.0,ABS 8165.0 DC02 Table 1
9131,Amusement Parks and Centres Operation,913,2025,513.0,248.0,213.0,141.0,14.0,1129.0,ABS 8165.0 DC02 Table 1
9139,Amusement and Other Recreational Activities n.e.c.,913,2025,598.0,350.0,275.0,107.0,0.0,1331.0,ABS 8165.0 DC02 Table 1
9201,Casino Operation,920,2025,5.0,0.0,0.0,3.0,9.0,17.0,ABS 8165.0 DC02 Table 1
9202,Lottery Operation,920,2025,148.0,270.0,62.0,4.0,3.0,486.0,ABS 8165.0 DC02 Table 1
9209,Other Gambling Activities,920,2025,333.0,223.0,90.0,24.0,7.0,677.0,ABS 8165.0 DC02 Table 1
9411,Automotive Electrical Services,941,2025,1789.0,1481.0,325.0,29.0,0.0,3624.0,ABS 8165.0 DC02 Table 1
9412,"Automotive Body, Paint and Interior Repair",941,2025,7742.0,4705.0,1826.0,200.0,6.0,14479.0,ABS 8165.0 DC02 Table 1
9419,Other Automotive Repair and Maintenance,941,2025,12860.0,12021.0,3961.0,193.0,11.0,29046.0,ABS 8165.0 DC02 Table 1
9421,Domestic Appliance Repair and Maintenance,942,2025,1326.0,925.0,209.0,27.0,3.0,2489.0,ABS 8165.0 DC02 Table 1
9422,Electronic (except Domestic Appliance) and Precision Equipment Repair,942,2025,2033.0,1197.0,282.0,48.0,5.0,3565.0,ABS 8165.0 DC02 Table 1
9429,Other Machinery and Equipment Repair and Maintenance,942,2025,5987.0,5420.0,1360.0,331.0,15.0,13113.0,ABS 8165.0 DC02 Table 1
9491,Clothing and Footwear Repair,949,2025,364.0,349.0,51.0,3.0,0.0,768.0,ABS 8165.0 DC02 Table 1
9499,Other Repair and Maintenance n.e.c.,949,2025,1481.0,763.0,132.0,8.0,0.0,2384.0,ABS 8165.0 DC02 Table 1
9511,Hairdressing and Beauty Services,951,2025,16815.0,15897.0,4515.0,285.0,5.0,37517.0,ABS 8165.0 DC02 Table 1
9512,Diet and Weight Reduction Centre Operation,951,2025,182.0,55.0,14.0,3.0,0.0,255.0,ABS 8165.0 DC02 Table 1
9520,"Funeral, Crematorium and Cemetery Services",952,2025,400.0,299.0,201.0,36.0,6.0,942.0,ABS 8165.0 DC02 Table 1
9531,Laundry and Dry-Cleaning Services,953,2025,3149.0,1408.0,396.0,122.0,11.0,5086.0,ABS 8165.0 DC02 Table 1
9532,Photographic Film Processing,953,2025,249.0,106.0,31.0,8.0,0.0,394.0,ABS 8165.0 DC02 Table 1
9533,Parking Services,953,2025,227.0,62.0,35.0,16.0,3.0,343.0,ABS 8165.0 DC02 Table 1
9534,Brothel Keeping and Prostitution Services,953,2025,205.0,133.0,24.0,0.0,0.0,364.0,ABS 8165.0 DC02 Table 1
9539,Other Personal Services n.e.c.,953,2025,13409.0,5272.0,1376.0,141.0,3.0,20200.0,ABS 8165.0 DC02 Table 1
9999,Currently Unknown,999,2025,1554.0,136.0,30.0,9.0,3.0,1730.0,ABS 8165.0 DC02 Table 1
0111,Nursery Production (Under Cover),011,2024,217.0,69.0,38.0,23.0,0.0,348.0,ABS 8165.0 DC02 Table 2
0112,Nursery Production (Outdoors),011,2024,441.0,199.0,141.0,43.0,0.0,825.0,ABS 8165.0 DC02 Table 2
0113,Turf Growing,011,2024,229.0,122.0,80.0,18.0,0.0,449.0,ABS 8165.0 DC02 Table 2
0114,Floriculture Production (Under Cover),011,2024,72.0,28.0,20.0,7.0,0.0,127.0,ABS 8165.0 DC02 Table 2
0115,Floriculture Production (Outdoors),011,2024,319.0,129.0,58.0,27.0,3.0,534.0,ABS 8165.0 DC02 Table 2
0121,Mushroom Growing,012,2024,134.0,55.0,28.0,20.0,3.0,239.0,ABS 8165.0 DC02 Table 2
0122,Vegetable Growing (Under Cover),012,2024,686.0,185.0,62.0,22.0,5.0,960.0,ABS 8165.0 DC02 Table 2
0123,Vegetable Growing (Outdoors),012,2024,3015.0,916.0,436.0,154.0,11.0,4532.0,ABS 8165.0 DC02 Table 2
0131,Grape Growing,013,2024,3683.0,949.0,340.0,131.0,0.0,5104.0,ABS 8165.0 DC02 Table 2
0132,Kiwifruit Growing,013,2024,28.0,4.0,5.0,3.0,0.0,40.0,ABS 8165.0 DC02 Table 2
0133,Berry Fruit Growing,013,2024,305.0,167.0,69.0,46.0,4.0,591.0,ABS 8165.0 DC02 Table 2
0134,Apple and Pear Growing,013,2024,363.0,111.0,75.0,62.0,0.0,613.0,ABS 8165.0 DC02 Table 2
0135,Stone Fruit Growing,013,2024,430.0,171.0,79.0,32.0,0.0,712.0,ABS 8165.0 DC02 Table 2
0136,Citrus Fruit Growing,013,2024,639.0,174.0,78.0,40.0,3.0,933.0,ABS 8165.0 DC02 Table 2
0137,Olive Growing,013,2024,293.0,39.0,13.0,4.0,0.0,349.0,ABS 8165.0 DC02 Table 2
0139,Other Fruit and Tree Nut Growing,013,2024,2552.0,679.0,347.0,140.0,4.0,3722.0,ABS 8165.0 DC02 Table 2
0141,Sheep Farming (Specialised),014,2024,5824.0,1935.0,587.0,36.0,0.0,8382.0,ABS 8165.0 DC02 Table 2
0142,Beef Cattle Farming (Specialised),014,2024,37332.0,4648.0,804.0,118.0,3.0,42905.0,ABS 8165.0 DC02 Table 2
0143,Beef Cattle Feedlots (Specialised),014,2024,99.0,17.0,27.0,9.0,3.0,153.0,ABS 8165.0 DC02 Table 2
0144,Sheep-Beef Cattle Farming,014,2024,12024.0,2906.0,837.0,45.0,3.0,15813.0,ABS 8165.0 DC02 Table 2
0145,Grain-Sheep or Grain-Beef Cattle Farming,014,2024,16854.0,6003.0,1617.0,88.0,0.0,24562.0,ABS 8165.0 DC02 Table 2
0146,Rice Growing,014,2024,121.0,48.0,9.0,0.0,0.0,178.0,ABS 8165.0 DC02 Table 2
0149,Other Grain Growing,014,2024,6804.0,2757.0,783.0,51.0,4.0,10399.0,ABS 8165.0 DC02 Table 2
0151,Sugar Cane Growing,015,2024,3086.0,766.0,151.0,32.0,0.0,4035.0,ABS 8165.0 DC02 Table 2
0152,Cotton Growing,015,2024,507.0,216.0,115.0,22.0,0.0,860.0,ABS 8165.0 DC02 Table 2
0159,Other Crop Growing n.e.c.,015,2024,1525.0,304.0,121.0,29.0,0.0,1981.0,ABS 8165.0 DC02 Table 2
0160,Dairy Cattle Farming,016,2024,5523.0,1975.0,701.0,75.0,0.0,8275.0,ABS 8165.0 DC02 Table 2
0171,Poultry Farming (Meat),017,2024,469.0,276.0,93.0,27.0,0.0,867.0,ABS 8165.0 DC02 Table 2
0172,Poultry Farming (Eggs),017,2024,300.0,124.0,76.0,21.0,3.0,523.0,ABS 8165.0 DC02 Table 2
0180,Deer Farming,018,2024,80.0,9.0,0.0,0.0,0.0,90.0,ABS 8165.0 DC02 Table 2
0191,Horse Farming,019,2024,2659.0,451.0,163.0,42.0,0.0,3316.0,ABS 8165.0 DC02 Table 2
0192,Pig Farming,019,2024,448.0,129.0,90.0,22.0,0.0,691.0,ABS 8165.0 DC02 Table 2
0193,Beekeeping,019,2024,928.0,265.0,63.0,7.0,0.0,1263.0,ABS 8165.0 DC02 Table 2
0199,Other Livestock Farming n.e.c.,019,2024,1550.0,313.0,75.0,8.0,0.0,1946.0,ABS 8165.0 DC02 Table 2
0201,Offshore Longline and Rack Aquaculture,020,2024,307.0,151.0,73.0,18.0,3.0,550.0,ABS 8165.0 DC02 Table 2
0202,Offshore Caged Aquaculture,020,2024,26.0,11.0,3.0,3.0,3.0,45.0,ABS 8165.0 DC02 Table 2
0203,Onshore Aquaculture,020,2024,246.0,76.0,38.0,20.0,0.0,381.0,ABS 8165.0 DC02 Table 2
0301,Forestry,030,2024,1437.0,138.0,56.0,34.0,3.0,1668.0,ABS 8165.0 DC02 Table 2
0302,Logging,030,2024,813.0,462.0,157.0,49.0,0.0,1481.0,ABS 8165.0 DC02 Table 2
0411,Rock Lobster and Crab Potting,041,2024,1013.0,406.0,39.0,8.0,0.0,1466.0,ABS 8165.0 DC02 Table 2
0412,Prawn Fishing,041,2024,288.0,151.0,44.0,7.0,0.0,490.0,ABS 8165.0 DC02 Table 2
0413,Line Fishing,041,2024,453.0,91.0,33.0,9.0,0.0,586.0,ABS 8165.0 DC02 Table 2
0414,"Fish Trawling, Seining and Netting",041,2024,389.0,128.0,31.0,5.0,0.0,553.0,ABS 8165.0 DC02 Table 2
0419,Other Fishing,041,2024,769.0,200.0,38.0,9.0,0.0,1016.0,ABS 8165.0 DC02 Table 2
0420,Hunting and Trapping,042,2024,626.0,115.0,21.0,4.0,0.0,766.0,ABS 8165.0 DC02 Table 2
0510,Forestry Support Services,051,2024,585.0,221.0,132.0,57.0,3.0,998.0,ABS 8165.0 DC02 Table 2
0521,Cotton Ginning,052,2024,15.0,3.0,0.0,11.0,0.0,31.0,ABS 8165.0 DC02 Table 2
0522,Shearing Services,052,2024,528.0,175.0,206.0,266.0,0.0,1175.0,ABS 8165.0 DC02 Table 2
0529,Other Agriculture and Fishing Support Services,052,2024,10279.0,3312.0,995.0,235.0,10.0,14831.0,ABS 8165.0 DC02 Table 2
0600,Coal Mining,060,2024,122.0,90.0,29.0,21.0,42.0,304.0,ABS 8165.0 DC02 Table 2
0700,Oil and Gas Extraction,070,2024,185.0,78.0,26.0,29.0,12.0,330.0,ABS 8165.0 DC02 Table 2
0801,Iron Ore Mining,080,2024,53.0,27.0,17.0,5.0,11.0,113.0,ABS 8165.0 DC02 Table 2
0802,Bauxite Mining,080,2024,8.0,3.0,3.0,0.0,0.0,13.0,ABS 8165.0 DC02 Table 2
0803,Copper Ore Mining,080,2024,30.0,14.0,3.0,6.0,10.0,63.0,ABS 8165.0 DC02 Table 2
0804,Gold Ore Mining,080,2024,363.0,79.0,37.0,29.0,27.0,535.0,ABS 8165.0 DC02 Table 2
0805,Mineral Sand Mining,080,2024,62.0,27.0,19.0,12.0,3.0,122.0,ABS 8165.0 DC02 Table 2
0806,Nickel Ore Mining,080,2024,24.0,5.0,3.0,5.0,4.0,40.0,ABS 8165.0 DC02 Table 2
0807,Silver-Lead-Zinc Ore Mining,080,2024,13.0,4.0,0.0,5.0,9.0,32.0,ABS 8165.0 DC02 Table 2
0809,Other Metal Ore Mining,080,2024,58.0,22.0,16.0,7.0,5.0,108.0,ABS 8165.0 DC02 Table 2
0911,Gravel and Sand Quarrying,091,2024,159.0,78.0,52.0,16.0,0.0,305.0,ABS 8165.0 DC02 Table 2
0919,Other Construction Material Mining,091,2024,551.0,233.0,160.0,78.0,6.0,1028.0,ABS 8165.0 DC02 Table 2
0990,Other Non-Metallic Mineral Mining and Quarrying,099,2024,405.0,106.0,34.0,28.0,3.0,576.0,ABS 8165.0 DC02 Table 2
1011,Petroleum Exploration,101,2024,308.0,67.0,17.0,7.0,0.0,399.0,ABS 8165.0 DC02 Table 2
1012,Mineral Exploration,101,2024,1723.0,604.0,287.0,62.0,4.0,2680.0,ABS 8165.0 DC02 Table 2
1090,Other Mining Support Services,109,2024,851.0,717.0,191.0,138.0,39.0,1936.0,ABS 8165.0 DC02 Table 2
1111,Meat Processing,111,2024,319.0,106.0,79.0,74.0,42.0,620.0,ABS 8165.0 DC02 Table 2
1112,Poultry Processing,111,2024,138.0,37.0,38.0,37.0,8.0,258.0,ABS 8165.0 DC02 Table 2
1113,Cured Meat and Smallgoods Manufacturing,111,2024,60.0,42.0,48.0,46.0,9.0,205.0,ABS 8165.0 DC02 Table 2
1120,Seafood Processing,112,2024,126.0,42.0,43.0,40.0,0.0,252.0,ABS 8165.0 DC02 Table 2
1131,Milk and Cream Processing,113,2024,25.0,16.0,7.0,13.0,4.0,65.0,ABS 8165.0 DC02 Table 2
1132,Ice Cream Manufacturing,113,2024,61.0,50.0,35.0,23.0,3.0,171.0,ABS 8165.0 DC02 Table 2
1133,Cheese and Other Dairy Product Manufacturing,113,2024,115.0,48.0,45.0,67.0,7.0,282.0,ABS 8165.0 DC02 Table 2
1140,Fruit and Vegetable Processing,114,2024,353.0,129.0,104.0,87.0,7.0,680.0,ABS 8165.0 DC02 Table 2
1150,Oil and Fat Manufacturing,115,2024,76.0,14.0,21.0,15.0,3.0,129.0,ABS 8165.0 DC02 Table 2
1161,Grain Mill Product Manufacturing,116,2024,31.0,16.0,13.0,11.0,3.0,74.0,ABS 8165.0 DC02 Table 2
1162,"Cereal, Pasta and Baking Mix Manufacturing",116,2024,125.0,80.0,73.0,34.0,7.0,319.0,ABS 8165.0 DC02 Table 2
1171,Bread Manufacturing (Factory based),117,2024,85.0,62.0,62.0,65.0,5.0,279.0,ABS 8165.0 DC02 Table 2
1172,Cake and Pastry Manufacturing (Factory based),117,2024,303.0,156.0,149.0,79.0,7.0,694.0,ABS 8165.0 DC02 Table 2
1173,Biscuit Manufacturing (Factory based),117,2024,16.0,9.0,20.0,14.0,0.0,60.0,ABS 8165.0 DC02 Table 2
1174,Bakery Product Manufacturing (Non-factory based),117,2024,1357.0,1486.0,1479.0,601.0,10.0,4933.0,ABS 8165.0 DC02 Table 2
1181,Sugar Manufacturing,118,2024,11.0,3.0,4.0,4.0,8.0,30.0,ABS 8165.0 DC02 Table 2
1182,Confectionery Manufacturing,118,2024,144.0,105.0,76.0,47.0,5.0,377.0,ABS 8165.0 DC02 Table 2
1191,"Potato, Corn and Other Crisp Manufacturing",119,2024,5.0,0.0,0.0,3.0,0.0,11.0,ABS 8165.0 DC02 Table 2
1192,Prepared Animal and Bird Feed Manufacturing,119,2024,140.0,48.0,55.0,41.0,4.0,288.0,ABS 8165.0 DC02 Table 2
1199,Other Food Product Manufacturing n.e.c.,119,2024,803.0,476.0,341.0,181.0,18.0,1819.0,ABS 8165.0 DC02 Table 2
1211,"Soft Drink, Cordial and Syrup Manufacturing",121,2024,259.0,125.0,70.0,29.0,5.0,488.0,ABS 8165.0 DC02 Table 2
1212,Beer Manufacturing,121,2024,350.0,184.0,158.0,122.0,4.0,818.0,ABS 8165.0 DC02 Table 2
1213,Spirit Manufacturing,121,2024,109.0,49.0,24.0,12.0,0.0,195.0,ABS 8165.0 DC02 Table 2
1214,Wine and Other Alcoholic Beverage Manufacturing,121,2024,1310.0,506.0,323.0,212.0,11.0,2362.0,ABS 8165.0 DC02 Table 2
1220,Cigarette and Tobacco Product Manufacturing,122,2024,3.0,0.0,0.0,0.0,0.0,5.0,ABS 8165.0 DC02 Table 2
1311,Wool Scouring,131,2024,7.0,3.0,0.0,4.0,0.0,14.0,ABS 8165.0 DC02 Table 2
1312,Natural Textile Manufacturing,131,2024,36.0,17.0,9.0,3.0,0.0,65.0,ABS 8165.0 DC02 Table 2
1313,Synthetic Textile Manufacturing,131,2024,24.0,13.0,12.0,6.0,0.0,55.0,ABS 8165.0 DC02 Table 2
1320,"Leather Tanning, Fur Dressing and Leather Product Manufacturing",132,2024,276.0,65.0,36.0,12.0,0.0,389.0,ABS 8165.0 DC02 Table 2
1331,Textile Floor Covering Manufacturing,133,2024,37.0,23.0,17.0,11.0,0.0,89.0,ABS 8165.0 DC02 Table 2
1332,"Rope, Cordage and Twine Manufacturing",133,2024,37.0,14.0,18.0,3.0,0.0,72.0,ABS 8165.0 DC02 Table 2
1333,Cut and Sewn Textile Product Manufacturing,133,2024,726.0,447.0,260.0,72.0,3.0,1507.0,ABS 8165.0 DC02 Table 2
1334,Textile Finishing and Other Textile Product Manufacturing,133,2024,385.0,228.0,112.0,17.0,0.0,742.0,ABS 8165.0 DC02 Table 2
1340,Knitted Product Manufacturing,134,2024,53.0,16.0,14.0,4.0,0.0,87.0,ABS 8165.0 DC02 Table 2
1351,Clothing Manufacturing,135,2024,1572.0,640.0,236.0,82.0,4.0,2534.0,ABS 8165.0 DC02 Table 2
1352,Footwear Manufacturing,135,2024,93.0,42.0,20.0,8.0,3.0,164.0,ABS 8165.0 DC02 Table 2
1411,Log Sawmilling,141,2024,278.0,120.0,92.0,57.0,3.0,550.0,ABS 8165.0 DC02 Table 2
1412,Wood Chipping,141,2024,17.0,8.0,9.0,9.0,0.0,44.0,ABS 8165.0 DC02 Table 2
1413,Timber Resawing and Dressing,141,2024,111.0,45.0,41.0,19.0,5.0,221.0,ABS 8165.0 DC02 Table 2
1491,Prefabricated Wooden Building Manufacturing,149,2024,70.0,43.0,20.0,18.0,0.0,151.0,ABS 8165.0 DC02 Table 2
1492,Wooden Structural Fitting and Component Manufacturing,149,2024,1954.0,1496.0,852.0,244.0,6.0,4552.0,ABS 8165.0 DC02 Table 2
1493,Veneer and Plywood Manufacturing,149,2024,14.0,6.0,10.0,4.0,3.0,36.0,ABS 8165.0 DC02 Table 2
1494,Reconstituted Wood Product Manufacturing,149,2024,19.0,14.0,16.0,10.0,0.0,60.0,ABS 8165.0 DC02 Table 2
1499,Other Wood Product Manufacturing n.e.c.,149,2024,383.0,170.0,112.0,67.0,4.0,736.0,ABS 8165.0 DC02 Table 2
1510,"Pulp, Paper and Paperboard Manufacturing",151,2024,48.0,27.0,18.0,13.0,5.0,111.0,ABS 8165.0 DC02 Table 2
1521,Corrugated Paperboard and Paperboard Container Manufacturing,152,2024,51.0,20.0,41.0,19.0,4.0,135.0,ABS 8165.0 DC02 Table 2
1522,Paper Bag Manufacturing,152,2024,4.0,3.0,3.0,5.0,0.0,15.0,ABS 8165.0 DC02 Table 2
1523,Paper Stationery Manufacturing,152,2024,77.0,36.0,29.0,15.0,0.0,157.0,ABS 8165.0 DC02 Table 2
1524,Sanitary Paper Product Manufacturing,152,2024,21.0,8.0,6.0,9.0,4.0,48.0,ABS 8165.0 DC02 Table 2
1529,Other Converted Paper Product Manufacturing,152,2024,104.0,39.0,22.0,26.0,3.0,194.0,ABS 8165.0 DC02 Table 2
1611,Printing,161,2024,1901.0,1371.0,683.0,201.0,7.0,4163.0,ABS 8165.0 DC02 Table 2
1612,Printing Support Services,161,2024,372.0,185.0,53.0,14.0,0.0,624.0,ABS 8165.0 DC02 Table 2
1620,Reproduction of Recorded Media,162,2024,221.0,114.0,35.0,14.0,0.0,384.0,ABS 8165.0 DC02 Table 2
1701,Petroleum Refining and Petroleum Fuel Manufacturing,170,2024,96.0,56.0,18.0,6.0,0.0,178.0,ABS 8165.0 DC02 Table 2
1709,Other Petroleum and Coal Product Manufacturing,170,2024,77.0,27.0,26.0,25.0,3.0,156.0,ABS 8165.0 DC02 Table 2
1811,Industrial Gas Manufacturing,181,2024,65.0,20.0,11.0,3.0,3.0,99.0,ABS 8165.0 DC02 Table 2
1812,Basic Organic Chemical Manufacturing,181,2024,71.0,37.0,24.0,15.0,0.0,147.0,ABS 8165.0 DC02 Table 2
1813,Basic Inorganic Chemical Manufacturing,181,2024,33.0,23.0,17.0,12.0,6.0,91.0,ABS 8165.0 DC02 Table 2
1821,Synthetic Resin and Synthetic Rubber Manufacturing,182,2024,117.0,65.0,59.0,26.0,4.0,271.0,ABS 8165.0 DC02 Table 2
1829,Other Basic Polymer Manufacturing,182,2024,18.0,9.0,10.0,4.0,0.0,41.0,ABS 8165.0 DC02 Table 2
1831,Fertiliser Manufacturing,183,2024,151.0,70.0,61.0,31.0,3.0,316.0,ABS 8165.0 DC02 Table 2
1832,Pesticide Manufacturing,183,2024,40.0,17.0,15.0,7.0,3.0,81.0,ABS 8165.0 DC02 Table 2
1841,Human Pharmaceutical and Medicinal Product Manufacturing,184,2024,289.0,130.0,72.0,67.0,22.0,580.0,ABS 8165.0 DC02 Table 2
1842,Veterinary Pharmaceutical and Medicinal Product Manufacturing,184,2024,45.0,14.0,14.0,17.0,3.0,91.0,ABS 8165.0 DC02 Table 2
1851,Cleaning Compound Manufacturing,185,2024,246.0,92.0,59.0,33.0,3.0,433.0,ABS 8165.0 DC02 Table 2
1852,Cosmetic and Toiletry Preparation Manufacturing,185,2024,620.0,236.0,79.0,51.0,5.0,991.0,ABS 8165.0 DC02 Table 2
1891,Photographic Chemical Product Manufacturing,189,2024,3.0,0.0,0.0,0.0,0.0,4.0,ABS 8165.0 DC02 Table 2
1892,Explosive Manufacturing,189,2024,7.0,12.0,3.0,10.0,3.0,35.0,ABS 8165.0 DC02 Table 2
1899,Other Basic Chemical Product Manufacturing n.e.c.,189,2024,74.0,47.0,24.0,11.0,0.0,156.0,ABS 8165.0 DC02 Table 2
1911,Polymer Film and Sheet Packaging Material Manufacturing,191,2024,83.0,72.0,58.0,36.0,3.0,252.0,ABS 8165.0 DC02 Table 2
1912,Rigid and Semi-Rigid Polymer Product Manufacturing,191,2024,517.0,301.0,256.0,163.0,10.0,1247.0,ABS 8165.0 DC02 Table 2
1913,Polymer Foam Product Manufacturing,191,2024,39.0,27.0,32.0,18.0,0.0,116.0,ABS 8165.0 DC02 Table 2
1914,Tyre Manufacturing,191,2024,32.0,21.0,18.0,7.0,0.0,78.0,ABS 8165.0 DC02 Table 2
1915,Adhesive Manufacturing,191,2024,21.0,8.0,12.0,6.0,0.0,47.0,ABS 8165.0 DC02 Table 2
1916,Paint and Coatings Manufacturing,191,2024,139.0,85.0,64.0,34.0,5.0,327.0,ABS 8165.0 DC02 Table 2
1919,Other Polymer Product Manufacturing,191,2024,374.0,210.0,159.0,94.0,3.0,839.0,ABS 8165.0 DC02 Table 2
1920,Natural Rubber Product Manufacturing,192,2024,36.0,35.0,34.0,25.0,3.0,132.0,ABS 8165.0 DC02 Table 2
2010,Glass and Glass Product Manufacturing,201,2024,250.0,159.0,107.0,52.0,6.0,574.0,ABS 8165.0 DC02 Table 2
2021,Clay Brick Manufacturing,202,2024,12.0,3.0,9.0,5.0,0.0,30.0,ABS 8165.0 DC02 Table 2
2029,Other Ceramic Product Manufacturing,202,2024,258.0,103.0,49.0,26.0,0.0,436.0,ABS 8165.0 DC02 Table 2
2031,Cement and Lime Manufacturing,203,2024,30.0,22.0,12.0,5.0,4.0,73.0,ABS 8165.0 DC02 Table 2
2032,Plaster Product Manufacturing,203,2024,67.0,32.0,23.0,4.0,3.0,128.0,ABS 8165.0 DC02 Table 2
2033,Ready-Mixed Concrete Manufacturing,203,2024,60.0,41.0,48.0,33.0,6.0,188.0,ABS 8165.0 DC02 Table 2
2034,Concrete Product Manufacturing,203,2024,329.0,205.0,140.0,103.0,6.0,783.0,ABS 8165.0 DC02 Table 2
2090,Other Non-Metallic Mineral Product Manufacturing,209,2024,707.0,582.0,301.0,51.0,0.0,1643.0,ABS 8165.0 DC02 Table 2
2110,Iron Smelting and Steel Manufacturing,211,2024,413.0,268.0,204.0,119.0,8.0,1012.0,ABS 8165.0 DC02 Table 2
2121,Iron and Steel Casting,212,2024,79.0,50.0,31.0,16.0,3.0,179.0,ABS 8165.0 DC02 Table 2
2122,Steel Pipe and Tube Manufacturing,212,2024,59.0,45.0,23.0,27.0,3.0,156.0,ABS 8165.0 DC02 Table 2
2131,Alumina Production,213,2024,9.0,7.0,3.0,0.0,3.0,22.0,ABS 8165.0 DC02 Table 2
2132,Aluminium Smelting,213,2024,9.0,18.0,9.0,3.0,3.0,42.0,ABS 8165.0 DC02 Table 2
2133,"Copper, Silver, Lead and Zinc Smelting and Refining",213,2024,16.0,13.0,7.0,6.0,3.0,45.0,ABS 8165.0 DC02 Table 2
2139,Other Basic Non-Ferrous Metal Manufacturing,213,2024,64.0,43.0,13.0,9.0,3.0,132.0,ABS 8165.0 DC02 Table 2
2141,Non-Ferrous Metal Casting,214,2024,18.0,12.0,18.0,3.0,0.0,51.0,ABS 8165.0 DC02 Table 2
2142,"Aluminium Rolling, Drawing, Extruding",214,2024,19.0,16.0,19.0,17.0,3.0,72.0,ABS 8165.0 DC02 Table 2
2149,Other Basic Non-Ferrous Metal Product Manufacturing,214,2024,13.0,22.0,17.0,16.0,0.0,69.0,ABS 8165.0 DC02 Table 2
2210,Iron and Steel Forging,221,2024,46.0,42.0,27.0,14.0,0.0,130.0,ABS 8165.0 DC02 Table 2
2221,Structural Steel Fabricating,222,2024,794.0,686.0,456.0,220.0,12.0,2168.0,ABS 8165.0 DC02 Table 2
2222,Prefabricated Metal Building Manufacturing,222,2024,808.0,639.0,277.0,79.0,4.0,1807.0,ABS 8165.0 DC02 Table 2
2223,Architectural Aluminium Product Manufacturing,222,2024,566.0,500.0,367.0,123.0,11.0,1567.0,ABS 8165.0 DC02 Table 2
2224,Metal Roof and Guttering Manufacturing (except Aluminium),222,2024,49.0,29.0,23.0,14.0,6.0,121.0,ABS 8165.0 DC02 Table 2
2229,Other Structural Metal Product Manufacturing,222,2024,646.0,500.0,308.0,98.0,5.0,1557.0,ABS 8165.0 DC02 Table 2
2231,"Boiler, Tank and Other Heavy Gauge Metal Container Manufacturing",223,2024,803.0,641.0,156.0,49.0,3.0,1651.0,ABS 8165.0 DC02 Table 2
2239,Other Metal Container Manufacturing,223,2024,96.0,59.0,37.0,22.0,5.0,219.0,ABS 8165.0 DC02 Table 2
2240,Sheet Metal Product Manufacturing (except Metal Structural and Container,224,2024,393.0,260.0,242.0,99.0,3.0,996.0,ABS 8165.0 DC02 Table 2
2291,Spring and Wire Product Manufacturing,229,2024,141.0,71.0,62.0,34.0,3.0,309.0,ABS 8165.0 DC02 Table 2
2292,"Nut, Bolt, Screw and Rivet Manufacturing",229,2024,45.0,31.0,27.0,16.0,0.0,121.0,ABS 8165.0 DC02 Table 2
2293,Metal Coating and Finishing,229,2024,524.0,421.0,382.0,117.0,0.0,1444.0,ABS 8165.0 DC02 Table 2
2299,Other Fabricated Metal Product Manufacturing n.e.c.,229,2024,2560.0,1551.0,585.0,174.0,8.0,4878.0,ABS 8165.0 DC02 Table 2
2311,Motor Vehicle Manufacturing,231,2024,172.0,75.0,45.0,26.0,5.0,323.0,ABS 8165.0 DC02 Table 2
2312,Motor Vehicle Body and Trailer Manufacturing,231,2024,647.0,371.0,315.0,181.0,12.0,1526.0,ABS 8165.0 DC02 Table 2
2313,Automotive Electrical Component Manufacturing,231,2024,290.0,128.0,56.0,23.0,3.0,499.0,ABS 8165.0 DC02 Table 2
2319,Other Motor Vehicle Parts Manufacturing,231,2024,555.0,302.0,179.0,92.0,9.0,1137.0,ABS 8165.0 DC02 Table 2
2391,Shipbuilding and Repair Services,239,2024,191.0,124.0,60.0,21.0,10.0,406.0,ABS 8165.0 DC02 Table 2
2392,Boatbuilding and Repair Services,239,2024,748.0,491.0,208.0,40.0,3.0,1490.0,ABS 8165.0 DC02 Table 2
2393,Railway Rolling Stock Manufacturing and Repair Services,239,2024,51.0,27.0,24.0,14.0,7.0,123.0,ABS 8165.0 DC02 Table 2
2394,Aircraft Manufacturing and Repair Services,239,2024,482.0,262.0,146.0,52.0,6.0,948.0,ABS 8165.0 DC02 Table 2
2399,Other Transport Equipment Manufacturing n.e.c.,239,2024,179.0,78.0,35.0,8.0,3.0,302.0,ABS 8165.0 DC02 Table 2
2411,"Photographic, Optical and Ophthalmic Equipment Manufacturing",241,2024,92.0,35.0,15.0,8.0,3.0,151.0,ABS 8165.0 DC02 Table 2
2412,Medical and Surgical Equipment Manufacturing,241,2024,879.0,624.0,239.0,75.0,6.0,1823.0,ABS 8165.0 DC02 Table 2
2419,Other Professional and Scientific Equipment Manufacturing,241,2024,352.0,228.0,122.0,65.0,4.0,771.0,ABS 8165.0 DC02 Table 2
2421,Computer and Electronic Office Equipment Manufacturing,242,2024,167.0,79.0,54.0,17.0,0.0,317.0,ABS 8165.0 DC02 Table 2
2422,Communication Equipment Manufacturing,242,2024,143.0,84.0,57.0,29.0,4.0,317.0,ABS 8165.0 DC02 Table 2
2429,Other Electronic Equipment Manufacturing,242,2024,286.0,164.0,77.0,44.0,5.0,576.0,ABS 8165.0 DC02 Table 2
2431,Electric Cable and Wire Manufacturing,243,2024,27.0,31.0,20.0,16.0,3.0,97.0,ABS 8165.0 DC02 Table 2
2432,Electric Lighting Equipment Manufacturing,243,2024,176.0,112.0,70.0,41.0,0.0,399.0,ABS 8165.0 DC02 Table 2
2439,Other Electrical Equipment Manufacturing,243,2024,456.0,257.0,173.0,89.0,9.0,984.0,ABS 8165.0 DC02 Table 2
2441,Whiteware Appliance Manufacturing,244,2024,61.0,30.0,20.0,6.0,0.0,118.0,ABS 8165.0 DC02 Table 2
2449,Other Domestic Appliance Manufacturing,244,2024,159.0,68.0,31.0,16.0,0.0,276.0,ABS 8165.0 DC02 Table 2
2451,Pump and Compressor Manufacturing,245,2024,58.0,37.0,53.0,37.0,0.0,186.0,ABS 8165.0 DC02 Table 2
2452,"Fixed Space Heating, Cooling and Ventilation Equipment Manufacturing",245,2024,168.0,103.0,70.0,35.0,4.0,380.0,ABS 8165.0 DC02 Table 2
2461,Agricultural Machinery and Equipment Manufacturing,246,2024,391.0,166.0,179.0,93.0,0.0,830.0,ABS 8165.0 DC02 Table 2
2462,Mining and Construction Machinery Manufacturing,246,2024,375.0,239.0,160.0,90.0,6.0,870.0,ABS 8165.0 DC02 Table 2
2463,Machine Tool and Parts Manufacturing,246,2024,769.0,502.0,307.0,87.0,3.0,1666.0,ABS 8165.0 DC02 Table 2
2469,Other Specialised Machinery and Equipment Manufacturing,246,2024,414.0,230.0,160.0,60.0,4.0,868.0,ABS 8165.0 DC02 Table 2
2491,Lifting and Material Handling Equipment Manufacturing,249,2024,189.0,145.0,126.0,64.0,3.0,527.0,ABS 8165.0 DC02 Table 2
2499,Other Machinery and Equipment Manufacturing n.e.c.,249,2024,336.0,231.0,155.0,90.0,3.0,815.0,ABS 8165.0 DC02 Table 2
2511,Wooden Furniture and Upholstered Seat Manufacturing,251,2024,2158.0,1338.0,645.0,122.0,3.0,4266.0,ABS 8165.0 DC02 Table 2
2512,Metal Furniture Manufacturing,251,2024,214.0,127.0,124.0,33.0,0.0,499.0,ABS 8165.0 DC02 Table 2
2513,Mattress Manufacturing,251,2024,23.0,12.0,21.0,8.0,4.0,68.0,ABS 8165.0 DC02 Table 2
2519,Other Furniture Manufacturing,251,2024,146.0,78.0,49.0,12.0,0.0,285.0,ABS 8165.0 DC02 Table 2
2591,Jewellery and Silverware Manufacturing,259,2024,976.0,355.0,102.0,13.0,0.0,1446.0,ABS 8165.0 DC02 Table 2
2592,"Toy, Sporting and Recreational Product Manufacturing",259,2024,591.0,228.0,96.0,26.0,0.0,941.0,ABS 8165.0 DC02 Table 2
2599,Other Manufacturing n.e.c.,259,2024,857.0,474.0,249.0,62.0,0.0,1642.0,ABS 8165.0 DC02 Table 2
2611,Fossil Fuel Electricity Generation,261,2024,58.0,16.0,9.0,19.0,8.0,110.0,ABS 8165.0 DC02 Table 2
2612,Hydro-Electricity Generation,261,2024,22.0,6.0,0.0,3.0,3.0,34.0,ABS 8165.0 DC02 Table 2
2619,Other Electricity Generation,261,2024,1268.0,241.0,73.0,42.0,3.0,1626.0,ABS 8165.0 DC02 Table 2
2620,Electricity Transmission,262,2024,32.0,12.0,4.0,0.0,4.0,53.0,ABS 8165.0 DC02 Table 2
2630,Electricity Distribution,263,2024,82.0,16.0,6.0,4.0,12.0,120.0,ABS 8165.0 DC02 Table 2
2640,On Selling Electricity and Electricity Market Operation,264,2024,186.0,54.0,22.0,31.0,9.0,302.0,ABS 8165.0 DC02 Table 2
2700,Gas Supply,270,2024,106.0,47.0,27.0,7.0,5.0,192.0,ABS 8165.0 DC02 Table 2
2811,Water Supply,281,2024,345.0,115.0,72.0,42.0,19.0,593.0,ABS 8165.0 DC02 Table 2
2812,Sewerage and Drainage Services,281,2024,99.0,65.0,25.0,5.0,0.0,195.0,ABS 8165.0 DC02 Table 2
2911,Solid Waste Collection Services,291,2024,1092.0,855.0,317.0,101.0,6.0,2371.0,ABS 8165.0 DC02 Table 2
2919,Other Waste Collection Services,291,2024,139.0,126.0,58.0,16.0,3.0,341.0,ABS 8165.0 DC02 Table 2
2921,Waste Treatment and Disposal Services,292,2024,397.0,253.0,127.0,47.0,3.0,825.0,ABS 8165.0 DC02 Table 2
2922,Waste Remediation and Materials Recovery Services,292,2024,1005.0,583.0,323.0,104.0,9.0,2024.0,ABS 8165.0 DC02 Table 2
3011,House Construction,301,2024,37328.0,20652.0,3903.0,551.0,26.0,62460.0,ABS 8165.0 DC02 Table 2
3019,Other Residential Building Construction,301,2024,21518.0,5643.0,1063.0,151.0,10.0,28385.0,ABS 8165.0 DC02 Table 2
3020,Non-Residential Building Construction,302,2024,11632.0,4404.0,1404.0,528.0,26.0,17994.0,ABS 8165.0 DC02 Table 2
3101,Road and Bridge Construction,310,2024,1094.0,820.0,346.0,232.0,22.0,2514.0,ABS 8165.0 DC02 Table 2
3109,Other Heavy and Civil Engineering Construction,310,2024,3929.0,2746.0,933.0,366.0,62.0,8036.0,ABS 8165.0 DC02 Table 2
3211,Land Development and Subdivision,321,2024,11588.0,862.0,149.0,62.0,3.0,12664.0,ABS 8165.0 DC02 Table 2
3212,Site Preparation Services,321,2024,11582.0,8170.0,1980.0,641.0,20.0,22393.0,ABS 8165.0 DC02 Table 2
3221,Concreting Services,322,2024,8548.0,5738.0,1444.0,239.0,4.0,15973.0,ABS 8165.0 DC02 Table 2
3222,Bricklaying Services,322,2024,6113.0,2931.0,490.0,64.0,0.0,9598.0,ABS 8165.0 DC02 Table 2
3223,Roofing Services,322,2024,2845.0,2456.0,799.0,93.0,0.0,6193.0,ABS 8165.0 DC02 Table 2
3224,Structural Steel Erection Services,322,2024,2551.0,1794.0,557.0,179.0,3.0,5083.0,ABS 8165.0 DC02 Table 2
3231,Plumbing Services,323,2024,14282.0,13178.0,2979.0,428.0,3.0,30870.0,ABS 8165.0 DC02 Table 2
3232,Electrical Services,323,2024,21087.0,21043.0,4540.0,832.0,22.0,47524.0,ABS 8165.0 DC02 Table 2
3233,Air Conditioning and Heating Services,323,2024,2951.0,3056.0,1025.0,222.0,7.0,7261.0,ABS 8165.0 DC02 Table 2
3234,Fire and Security Alarm Installation Services,323,2024,1675.0,1541.0,565.0,164.0,5.0,3950.0,ABS 8165.0 DC02 Table 2
3239,Other Building Installation Services,323,2024,3184.0,2240.0,590.0,131.0,6.0,6151.0,ABS 8165.0 DC02 Table 2
3241,Plastering and Ceiling Services,324,2024,11304.0,4630.0,554.0,61.0,0.0,16550.0,ABS 8165.0 DC02 Table 2
3242,Carpentry Services,324,2024,32887.0,17219.0,2504.0,319.0,6.0,52935.0,ABS 8165.0 DC02 Table 2
3243,Tiling and Carpeting Services,324,2024,13395.0,6128.0,504.0,40.0,0.0,20067.0,ABS 8165.0 DC02 Table 2
3244,Painting and Decorating Services,324,2024,16060.0,6777.0,861.0,86.0,0.0,23785.0,ABS 8165.0 DC02 Table 2
3245,Glazing Services,324,2024,1886.0,1481.0,453.0,76.0,0.0,3896.0,ABS 8165.0 DC02 Table 2
3291,Landscape Construction Services,329,2024,10494.0,6418.0,1683.0,272.0,0.0,18868.0,ABS 8165.0 DC02 Table 2
3292,Hire of Construction Machinery with Operator,329,2024,1127.0,688.0,249.0,92.0,3.0,2159.0,ABS 8165.0 DC02 Table 2
3299,Other Construction Services n.e.c.,329,2024,19010.0,6766.0,1452.0,386.0,14.0,27628.0,ABS 8165.0 DC02 Table 2
3311,Wool Wholesaling,331,2024,73.0,44.0,27.0,4.0,0.0,148.0,ABS 8165.0 DC02 Table 2
3312,Cereal Grain Wholesaling,331,2024,167.0,81.0,49.0,32.0,0.0,331.0,ABS 8165.0 DC02 Table 2
3319,Other Agricultural Product Wholesaling,331,2024,2143.0,894.0,599.0,186.0,9.0,3831.0,ABS 8165.0 DC02 Table 2
3321,Petroleum Product Wholesaling,332,2024,352.0,161.0,114.0,57.0,11.0,695.0,ABS 8165.0 DC02 Table 2
3322,Metal and Mineral Wholesaling,332,2024,745.0,429.0,315.0,99.0,8.0,1596.0,ABS 8165.0 DC02 Table 2
3323,Industrial and Agricultural Chemical Product Wholesaling,332,2024,1143.0,722.0,329.0,139.0,7.0,2340.0,ABS 8165.0 DC02 Table 2
3331,Timber Wholesaling,333,2024,408.0,229.0,168.0,76.0,4.0,885.0,ABS 8165.0 DC02 Table 2
3332,Plumbing Goods Wholesaling,333,2024,312.0,214.0,155.0,63.0,6.0,750.0,ABS 8165.0 DC02 Table 2
3339,Other Hardware Goods Wholesaling,333,2024,2311.0,1574.0,939.0,327.0,18.0,5169.0,ABS 8165.0 DC02 Table 2
3411,Agricultural and Construction Machinery Wholesaling,341,2024,780.0,488.0,378.0,146.0,18.0,1810.0,ABS 8165.0 DC02 Table 2
3419,Other Specialised Industrial Machinery and Equipment Wholesaling,341,2024,961.0,748.0,407.0,164.0,20.0,2300.0,ABS 8165.0 DC02 Table 2
3491,Professional and Scientific Goods Wholesaling,349,2024,1047.0,733.0,390.0,180.0,29.0,2379.0,ABS 8165.0 DC02 Table 2
3492,Computer and Computer Peripheral Wholesaling,349,2024,573.0,353.0,177.0,108.0,10.0,1221.0,ABS 8165.0 DC02 Table 2
3493,Telecommunication Goods Wholesaling,349,2024,390.0,284.0,112.0,52.0,5.0,843.0,ABS 8165.0 DC02 Table 2
3494,Other Electrical and Electronic Goods Wholesaling,349,2024,1923.0,1334.0,758.0,315.0,32.0,4362.0,ABS 8165.0 DC02 Table 2
3499,Other Machinery and Equipment Wholesaling n.e.c.,349,2024,864.0,644.0,499.0,177.0,4.0,2188.0,ABS 8165.0 DC02 Table 2
3501,Car Wholesaling,350,2024,726.0,297.0,71.0,31.0,11.0,1136.0,ABS 8165.0 DC02 Table 2
3502,Commercial Vehicle Wholesaling,350,2024,125.0,68.0,38.0,29.0,9.0,269.0,ABS 8165.0 DC02 Table 2
3503,Trailer and Other Motor Vehicle Wholesaling,350,2024,90.0,54.0,35.0,18.0,0.0,198.0,ABS 8165.0 DC02 Table 2
3504,Motor Vehicle New Parts Wholesaling,350,2024,1069.0,790.0,431.0,164.0,16.0,2470.0,ABS 8165.0 DC02 Table 2
3505,Motor Vehicle Dismantling and Used Parts Wholesaling,350,2024,841.0,564.0,204.0,18.0,0.0,1627.0,ABS 8165.0 DC02 Table 2
3601,General Line Grocery Wholesaling,360,2024,292.0,225.0,120.0,57.0,7.0,701.0,ABS 8165.0 DC02 Table 2
3602,"Meat, Poultry and Smallgoods Wholesaling",360,2024,489.0,397.0,277.0,132.0,6.0,1301.0,ABS 8165.0 DC02 Table 2
3603,Dairy Produce Wholesaling,360,2024,260.0,147.0,94.0,45.0,0.0,547.0,ABS 8165.0 DC02 Table 2
3604,Fish and Seafood Wholesaling,360,2024,355.0,248.0,147.0,64.0,3.0,816.0,ABS 8165.0 DC02 Table 2
3605,Fruit and Vegetable Wholesaling,360,2024,607.0,380.0,330.0,151.0,10.0,1478.0,ABS 8165.0 DC02 Table 2
3606,Liquor and Tobacco Product Wholesaling,360,2024,1345.0,628.0,205.0,78.0,4.0,2260.0,ABS 8165.0 DC02 Table 2
3609,Other Grocery Wholesaling,360,2024,2594.0,1514.0,839.0,363.0,19.0,5329.0,ABS 8165.0 DC02 Table 2
3711,Textile Product Wholesaling,371,2024,577.0,357.0,174.0,49.0,0.0,1157.0,ABS 8165.0 DC02 Table 2
3712,Clothing and Footwear Wholesaling,371,2024,1481.0,801.0,380.0,173.0,16.0,2851.0,ABS 8165.0 DC02 Table 2
3720,Pharmaceutical and Toiletry Goods Wholesaling,372,2024,1396.0,770.0,378.0,157.0,32.0,2733.0,ABS 8165.0 DC02 Table 2
3731,Furniture and Floor Covering Wholesaling,373,2024,868.0,591.0,296.0,98.0,3.0,1855.0,ABS 8165.0 DC02 Table 2
3732,Jewellery and Watch Wholesaling,373,2024,638.0,299.0,86.0,25.0,3.0,1049.0,ABS 8165.0 DC02 Table 2
3733,Kitchen and Diningware Wholesaling,373,2024,768.0,409.0,153.0,49.0,0.0,1380.0,ABS 8165.0 DC02 Table 2
3734,Toy and Sporting Goods Wholesaling,373,2024,766.0,406.0,209.0,68.0,3.0,1452.0,ABS 8165.0 DC02 Table 2
3735,Book and Magazine Wholesaling,373,2024,166.0,59.0,31.0,20.0,0.0,277.0,ABS 8165.0 DC02 Table 2
3736,Paper Product Wholesaling,373,2024,438.0,288.0,158.0,55.0,8.0,947.0,ABS 8165.0 DC02 Table 2
3739,Other Goods Wholesaling n.e.c.,373,2024,2269.0,1202.0,656.0,193.0,5.0,4325.0,ABS 8165.0 DC02 Table 2
3800,Commission-Based Wholesaling,380,2024,9562.0,4424.0,821.0,177.0,10.0,14994.0,ABS 8165.0 DC02 Table 2
3911,Car Retailing,391,2024,2442.0,1358.0,431.0,587.0,47.0,4865.0,ABS 8165.0 DC02 Table 2
3912,Motor Cycle Retailing,391,2024,233.0,180.0,150.0,29.0,0.0,593.0,ABS 8165.0 DC02 Table 2
3913,Trailer and Other Motor Vehicle Retailing,391,2024,241.0,149.0,108.0,47.0,0.0,545.0,ABS 8165.0 DC02 Table 2
3921,Motor Vehicle Parts Retailing,392,2024,1186.0,1097.0,473.0,67.0,4.0,2827.0,ABS 8165.0 DC02 Table 2
3922,Tyre Retailing,392,2024,575.0,751.0,778.0,69.0,0.0,2173.0,ABS 8165.0 DC02 Table 2
4000,Fuel Retailing,400,2024,1102.0,1217.0,1331.0,234.0,11.0,3895.0,ABS 8165.0 DC02 Table 2
4110,Supermarket and Grocery Stores,411,2024,3309.0,3452.0,1864.0,982.0,40.0,9647.0,ABS 8165.0 DC02 Table 2
4121,"Fresh Meat, Fish and Poultry Retailing",412,2024,1032.0,1738.0,1118.0,156.0,0.0,4045.0,ABS 8165.0 DC02 Table 2
4122,Fruit and Vegetable Retailing,412,2024,944.0,624.0,480.0,212.0,9.0,2269.0,ABS 8165.0 DC02 Table 2
4123,Liquor Retailing,412,2024,910.0,905.0,511.0,118.0,5.0,2449.0,ABS 8165.0 DC02 Table 2
4129,Other Specialised Food Retailing,412,2024,3252.0,2368.0,1232.0,248.0,8.0,7108.0,ABS 8165.0 DC02 Table 2
4211,Furniture Retailing,421,2024,1392.0,1341.0,724.0,121.0,11.0,3589.0,ABS 8165.0 DC02 Table 2
4212,Floor Coverings Retailing,421,2024,650.0,870.0,453.0,35.0,0.0,2008.0,ABS 8165.0 DC02 Table 2
4213,Houseware Retailing,421,2024,882.0,624.0,259.0,28.0,8.0,1801.0,ABS 8165.0 DC02 Table 2
4214,Manchester and Other Textile Goods Retailing,421,2024,693.0,483.0,153.0,15.0,6.0,1350.0,ABS 8165.0 DC02 Table 2
4221,"Electrical, Electronic and Gas Appliance Retailing",422,2024,1829.0,1528.0,1191.0,267.0,9.0,4824.0,ABS 8165.0 DC02 Table 2
4222,Computer and Computer Peripheral Retailing,422,2024,1478.0,969.0,280.0,78.0,5.0,2810.0,ABS 8165.0 DC02 Table 2
4229,Other Electrical and Electronic Goods Retailing,422,2024,840.0,640.0,234.0,37.0,0.0,1753.0,ABS 8165.0 DC02 Table 2
4231,Hardware and Building Supplies Retailing,423,2024,2222.0,2081.0,1371.0,251.0,4.0,5929.0,ABS 8165.0 DC02 Table 2
4232,Garden Supplies Retailing,423,2024,1138.0,701.0,500.0,106.0,3.0,2448.0,ABS 8165.0 DC02 Table 2
4241,Sport and Camping Equipment Retailing,424,2024,1823.0,1326.0,740.0,102.0,5.0,3996.0,ABS 8165.0 DC02 Table 2
4242,Entertainment Media Retailing,424,2024,389.0,169.0,64.0,10.0,3.0,634.0,ABS 8165.0 DC02 Table 2
4243,Toy and Game Retailing,424,2024,1002.0,527.0,169.0,25.0,3.0,1726.0,ABS 8165.0 DC02 Table 2
4244,Newspaper and Book Retailing,424,2024,1024.0,1276.0,719.0,53.0,6.0,3078.0,ABS 8165.0 DC02 Table 2
4245,Marine Equipment Retailing,424,2024,391.0,299.0,183.0,16.0,0.0,889.0,ABS 8165.0 DC02 Table 2
4251,Clothing Retailing,425,2024,8093.0,4568.0,1644.0,328.0,82.0,14715.0,ABS 8165.0 DC02 Table 2
4252,Footwear Retailing,425,2024,499.0,370.0,214.0,68.0,16.0,1167.0,ABS 8165.0 DC02 Table 2
4253,Watch and Jewellery Retailing,425,2024,1340.0,1019.0,330.0,62.0,11.0,2762.0,ABS 8165.0 DC02 Table 2
4259,Other Personal Accessory Retailing,425,2024,408.0,204.0,66.0,18.0,3.0,699.0,ABS 8165.0 DC02 Table 2
4260,Department Stores,426,2024,63.0,57.0,42.0,12.0,7.0,181.0,ABS 8165.0 DC02 Table 2
4271,"Pharmaceutical, Cosmetic and Toiletry Goods Retailing",427,2024,2766.0,1699.0,3051.0,1296.0,19.0,8831.0,ABS 8165.0 DC02 Table 2
4272,Stationery Goods Retailing,427,2024,384.0,277.0,126.0,24.0,3.0,813.0,ABS 8165.0 DC02 Table 2
4273,Antique and Used Goods Retailing,427,2024,1402.0,650.0,168.0,44.0,4.0,2268.0,ABS 8165.0 DC02 Table 2
4274,Flower Retailing,427,2024,1315.0,1099.0,352.0,35.0,0.0,2802.0,ABS 8165.0 DC02 Table 2
4279,Other Store-Based Retailing n.e.c.,427,2024,7741.0,5083.0,2300.0,285.0,21.0,15430.0,ABS 8165.0 DC02 Table 2
4310,Non-Store Retailing,431,2024,17589.0,5331.0,1260.0,240.0,13.0,24433.0,ABS 8165.0 DC02 Table 2
4320,Retail Commission-Based Buying and/or Selling,432,2024,3771.0,1363.0,248.0,49.0,0.0,5433.0,ABS 8165.0 DC02 Table 2
4400,Accommodation,440,2024,6917.0,3568.0,2494.0,1019.0,96.0,14094.0,ABS 8165.0 DC02 Table 2
4511,Cafes and Restaurants,451,2024,11962.0,20080.0,18348.0,5115.0,184.0,55689.0,ABS 8165.0 DC02 Table 2
4512,Takeaway Food Services,451,2024,8996.0,9914.0,5774.0,1475.0,97.0,26256.0,ABS 8165.0 DC02 Table 2
4513,Catering Services,451,2024,2480.0,1424.0,803.0,301.0,27.0,5035.0,ABS 8165.0 DC02 Table 2
4520,"Pubs, Taverns and Bars",452,2024,1933.0,1346.0,1964.0,1685.0,30.0,6958.0,ABS 8165.0 DC02 Table 2
4530,Clubs (Hospitality),453,2024,778.0,882.0,992.0,827.0,45.0,3524.0,ABS 8165.0 DC02 Table 2
4610,Road Freight Transport,461,2024,37312.0,20673.0,3785.0,1064.0,78.0,62912.0,ABS 8165.0 DC02 Table 2
4621,Interurban and Rural Bus Transport,462,2024,298.0,173.0,89.0,69.0,6.0,635.0,ABS 8165.0 DC02 Table 2
4622,Urban Bus Transport (Including Tramway),462,2024,949.0,643.0,230.0,111.0,26.0,1959.0,ABS 8165.0 DC02 Table 2
4623,Taxi and Other Road Transport,462,2024,33697.0,998.0,164.0,60.0,5.0,34924.0,ABS 8165.0 DC02 Table 2
4710,Rail Freight Transport,471,2024,21.0,10.0,4.0,7.0,7.0,49.0,ABS 8165.0 DC02 Table 2
4720,Rail Passenger Transport,472,2024,19.0,8.0,0.0,4.0,8.0,40.0,ABS 8165.0 DC02 Table 2
4810,Water Freight Transport,481,2024,219.0,95.0,31.0,20.0,7.0,372.0,ABS 8165.0 DC02 Table 2
4820,Water Passenger Transport,482,2024,198.0,81.0,29.0,20.0,8.0,336.0,ABS 8165.0 DC02 Table 2
4900,Air and Space Transport,490,2024,957.0,285.0,143.0,68.0,15.0,1468.0,ABS 8165.0 DC02 Table 2
5010,Scenic and Sightseeing Transport,501,2024,1546.0,653.0,287.0,120.0,4.0,2610.0,ABS 8165.0 DC02 Table 2
5021,Pipeline Transport,502,2024,43.0,22.0,3.0,5.0,3.0,75.0,ABS 8165.0 DC02 Table 2
5029,Other Transport n.e.c.,502,2024,662.0,189.0,25.0,12.0,3.0,891.0,ABS 8165.0 DC02 Table 2
5101,Postal Services,510,2024,2552.0,2125.0,471.0,54.0,3.0,5205.0,ABS 8165.0 DC02 Table 2
5102,Courier Pick-up and Delivery Services,510,2024,48373.0,5172.0,538.0,231.0,8.0,54322.0,ABS 8165.0 DC02 Table 2
5211,Stevedoring Services,521,2024,63.0,24.0,15.0,16.0,0.0,119.0,ABS 8165.0 DC02 Table 2
5212,Port and Water Transport Terminal Operations,521,2024,71.0,38.0,19.0,29.0,14.0,171.0,ABS 8165.0 DC02 Table 2
5219,Other Water Transport Support Services,521,2024,536.0,186.0,90.0,57.0,10.0,879.0,ABS 8165.0 DC02 Table 2
5220,Airport Operations and Other Air Transport Support Services,522,2024,472.0,246.0,66.0,41.0,12.0,837.0,ABS 8165.0 DC02 Table 2
5291,Customs Agency Services,529,2024,301.0,223.0,89.0,37.0,0.0,650.0,ABS 8165.0 DC02 Table 2
5292,Freight Forwarding Services,529,2024,431.0,427.0,154.0,91.0,23.0,1126.0,ABS 8165.0 DC02 Table 2
5299,Other Transport Support Services n.e.c.,529,2024,64008.0,1305.0,200.0,58.0,7.0,65578.0,ABS 8165.0 DC02 Table 2
5301,Grain Storage Services,530,2024,64.0,24.0,13.0,12.0,3.0,116.0,ABS 8165.0 DC02 Table 2
5309,Other Warehousing and Storage Services,530,2024,1271.0,426.0,200.0,113.0,11.0,2021.0,ABS 8165.0 DC02 Table 2
5411,Newspaper Publishing,541,2024,97.0,78.0,76.0,24.0,4.0,279.0,ABS 8165.0 DC02 Table 2
5412,Magazine and Other Periodical Publishing,541,2024,293.0,201.0,71.0,27.0,3.0,594.0,ABS 8165.0 DC02 Table 2
5413,Book Publishing,541,2024,612.0,186.0,59.0,29.0,6.0,892.0,ABS 8165.0 DC02 Table 2
5414,Directory and Mailing List Publishing,541,2024,31.0,12.0,6.0,0.0,3.0,50.0,ABS 8165.0 DC02 Table 2
5419,"Other Publishing (except Software, Music and Internet)",541,2024,109.0,43.0,14.0,5.0,0.0,171.0,ABS 8165.0 DC02 Table 2
5420,Software Publishing,542,2024,782.0,337.0,125.0,48.0,20.0,1312.0,ABS 8165.0 DC02 Table 2
5511,Motion Picture and Video Production,551,2024,5311.0,2248.0,437.0,196.0,30.0,8222.0,ABS 8165.0 DC02 Table 2
5512,Motion Picture and Video Distribution,551,2024,142.0,50.0,21.0,9.0,4.0,226.0,ABS 8165.0 DC02 Table 2
5513,Motion Picture Exhibition,551,2024,176.0,69.0,73.0,51.0,5.0,374.0,ABS 8165.0 DC02 Table 2
5514,Post-production Services and Other Motion Picture and Video Activities,551,2024,740.0,259.0,62.0,23.0,0.0,1086.0,ABS 8165.0 DC02 Table 2
5521,Music Publishing,552,2024,125.0,53.0,17.0,3.0,0.0,199.0,ABS 8165.0 DC02 Table 2
5522,Music and Other Sound Recording Activities,552,2024,1217.0,483.0,76.0,29.0,0.0,1805.0,ABS 8165.0 DC02 Table 2
5610,Radio Broadcasting,561,2024,91.0,38.0,40.0,15.0,5.0,189.0,ABS 8165.0 DC02 Table 2
5621,Free-to-Air Television Broadcasting,562,2024,55.0,28.0,5.0,5.0,4.0,97.0,ABS 8165.0 DC02 Table 2
5622,Cable and Other Subscription Broadcasting,562,2024,36.0,25.0,5.0,3.0,3.0,70.0,ABS 8165.0 DC02 Table 2
5700,Internet Publishing and Broadcasting,570,2024,1215.0,393.0,152.0,45.0,6.0,1811.0,ABS 8165.0 DC02 Table 2
5801,Wired Telecommunications Network Operation,580,2024,735.0,575.0,72.0,31.0,5.0,1418.0,ABS 8165.0 DC02 Table 2
5802,Other Telecommunications Network Operation,580,2024,362.0,226.0,64.0,27.0,6.0,685.0,ABS 8165.0 DC02 Table 2
5809,Other Telecommunications Services,580,2024,459.0,224.0,97.0,36.0,0.0,816.0,ABS 8165.0 DC02 Table 2
5910,Internet Service Providers and Web Search Portals,591,2024,946.0,330.0,68.0,25.0,5.0,1374.0,ABS 8165.0 DC02 Table 2
5921,Data Processing and Web Hosting Services,592,2024,1295.0,540.0,170.0,78.0,9.0,2092.0,ABS 8165.0 DC02 Table 2
5922,Electronic Information Storage Services,592,2024,432.0,294.0,97.0,29.0,3.0,855.0,ABS 8165.0 DC02 Table 2
6010,Libraries and Archives,601,2024,58.0,25.0,11.0,3.0,0.0,97.0,ABS 8165.0 DC02 Table 2
6020,Other Information Services,602,2024,107.0,43.0,16.0,3.0,0.0,169.0,ABS 8165.0 DC02 Table 2
6221,Banking,622,2024,48.0,32.0,124.0,79.0,31.0,314.0,ABS 8165.0 DC02 Table 2
6222,Building Society Operation,622,2024,0.0,0.0,0.0,0.0,0.0,0.0,ABS 8165.0 DC02 Table 2
6223,Credit Union Operation,622,2024,0.0,3.0,0.0,0.0,3.0,3.0,ABS 8165.0 DC02 Table 2
6229,Other Depository Financial Intermediation,622,2024,623.0,224.0,71.0,16.0,9.0,943.0,ABS 8165.0 DC02 Table 2
6230,Non-Depository Financing,623,2024,2355.0,456.0,127.0,108.0,17.0,3063.0,ABS 8165.0 DC02 Table 2
6240,Financial Asset Investing,624,2024,49605.0,9364.0,1630.0,460.0,15.0,61074.0,ABS 8165.0 DC02 Table 2
6310,Life Insurance,631,2024,7.0,18.0,5.0,10.0,7.0,47.0,ABS 8165.0 DC02 Table 2
6321,Health Insurance,632,2024,45.0,35.0,9.0,20.0,12.0,121.0,ABS 8165.0 DC02 Table 2
6322,General Insurance,632,2024,83.0,43.0,25.0,30.0,23.0,204.0,ABS 8165.0 DC02 Table 2
6411,Financial Asset Broking Services,641,2024,6921.0,3606.0,375.0,66.0,10.0,10978.0,ABS 8165.0 DC02 Table 2
6419,Other Auxiliary Finance and Investment Services,641,2024,29184.0,14354.0,2698.0,603.0,58.0,46897.0,ABS 8165.0 DC02 Table 2
6420,Auxiliary Insurance Services,642,2024,2374.0,2056.0,737.0,128.0,22.0,5317.0,ABS 8165.0 DC02 Table 2
6611,Passenger Car Rental and Hiring,661,2024,2630.0,657.0,137.0,50.0,9.0,3483.0,ABS 8165.0 DC02 Table 2
6619,Other Motor Vehicle and Transport Equipment Rental and Hiring,661,2024,3283.0,782.0,226.0,50.0,6.0,4347.0,ABS 8165.0 DC02 Table 2
6620,Farm Animal and Bloodstock Leasing,662,2024,88.0,16.0,0.0,0.0,0.0,104.0,ABS 8165.0 DC02 Table 2
6631,Heavy Machinery and Scaffolding Rental and Hiring,663,2024,8406.0,1816.0,740.0,264.0,14.0,11240.0,ABS 8165.0 DC02 Table 2
6632,Video and Other Electronic Media Rental and Hiring,663,2024,273.0,84.0,24.0,5.0,0.0,386.0,ABS 8165.0 DC02 Table 2
6639,Other Goods and Equipment Rental and Hiring n.e.c.,663,2024,5120.0,1789.0,820.0,238.0,4.0,7971.0,ABS 8165.0 DC02 Table 2
6640,Non-Financial Intangible Assets (Except Copyrights) Leasing,664,2024,3069.0,528.0,203.0,86.0,7.0,3893.0,ABS 8165.0 DC02 Table 2
6711,Residential Property Operators,671,2024,53037.0,3249.0,438.0,90.0,10.0,56824.0,ABS 8165.0 DC02 Table 2
6712,Non-Residential Property Operators,671,2024,156614.0,7490.0,1315.0,235.0,19.0,165673.0,ABS 8165.0 DC02 Table 2
6720,Real Estate Services,672,2024,26472.0,12674.0,4996.0,784.0,19.0,44945.0,ABS 8165.0 DC02 Table 2
6910,Scientific Research Services,691,2024,3611.0,1651.0,449.0,206.0,13.0,5930.0,ABS 8165.0 DC02 Table 2
6921,Architectural Services,692,2024,6900.0,4996.0,1222.0,271.0,7.0,13396.0,ABS 8165.0 DC02 Table 2
6922,Surveying and Mapping Services,692,2024,1718.0,1287.0,476.0,168.0,4.0,3653.0,ABS 8165.0 DC02 Table 2
6923,Engineering Design and Engineering Consulting Services,692,2024,23483.0,18629.0,3453.0,1248.0,70.0,46883.0,ABS 8165.0 DC02 Table 2
6924,Other Specialised Design Services,692,2024,11808.0,4455.0,920.0,132.0,3.0,17317.0,ABS 8165.0 DC02 Table 2
6925,Scientific Testing and Analysis Services,692,2024,1773.0,1249.0,304.0,158.0,17.0,3501.0,ABS 8165.0 DC02 Table 2
6931,Legal Services,693,2024,12268.0,7520.0,3285.0,566.0,34.0,23673.0,ABS 8165.0 DC02 Table 2
6932,Accounting Services,693,2024,18239.0,14112.0,3738.0,501.0,16.0,36606.0,ABS 8165.0 DC02 Table 2
6940,Advertising Services,694,2024,7763.0,4054.0,1012.0,354.0,22.0,13205.0,ABS 8165.0 DC02 Table 2
6950,Market Research and Statistical Services,695,2024,1614.0,778.0,190.0,98.0,10.0,2690.0,ABS 8165.0 DC02 Table 2
6961,Corporate Head Office Management Services,696,2024,223.0,133.0,116.0,117.0,40.0,629.0,ABS 8165.0 DC02 Table 2
6962,Management Advice and Related Consulting Services,696,2024,61469.0,31694.0,4586.0,1615.0,56.0,99420.0,ABS 8165.0 DC02 Table 2
6970,Veterinary Services,697,2024,1501.0,826.0,1062.0,352.0,7.0,3748.0,ABS 8165.0 DC02 Table 2
6991,Professional Photographic Services,699,2024,7157.0,1868.0,212.0,48.0,0.0,9287.0,ABS 8165.0 DC02 Table 2
6999,"Other Professional, Scientific and Technical Services n.e.c.",699,2024,1704.0,531.0,117.0,45.0,4.0,2401.0,ABS 8165.0 DC02 Table 2
7000,Computer System Design and Related Services,700,2024,32513.0,24236.0,3915.0,1501.0,80.0,62245.0,ABS 8165.0 DC02 Table 2
7211,Employment Placement and Recruitment Services,721,2024,3268.0,3060.0,1124.0,946.0,253.0,8651.0,ABS 8165.0 DC02 Table 2
7212,Labour Supply Services,721,2024,7165.0,3224.0,1668.0,1501.0,263.0,13821.0,ABS 8165.0 DC02 Table 2
7220,Travel Agency and Tour Arrangement Services,722,2024,5149.0,2865.0,566.0,204.0,11.0,8795.0,ABS 8165.0 DC02 Table 2
7291,Office Administrative Services,729,2024,6147.0,3633.0,2352.0,816.0,81.0,13029.0,ABS 8165.0 DC02 Table 2
7292,Document Preparation Services,729,2024,814.0,179.0,24.0,9.0,3.0,1029.0,ABS 8165.0 DC02 Table 2
7293,Credit Reporting and Debt Collection Services,729,2024,387.0,215.0,65.0,27.0,6.0,700.0,ABS 8165.0 DC02 Table 2
7294,Call Centre Operation,729,2024,199.0,85.0,53.0,33.0,16.0,386.0,ABS 8165.0 DC02 Table 2
7299,Other Administrative Services n.e.c.,729,2024,7743.0,3492.0,1067.0,301.0,17.0,12620.0,ABS 8165.0 DC02 Table 2
7311,Building and Other Industrial Cleaning Services,731,2024,30908.0,9504.0,2551.0,832.0,85.0,43880.0,ABS 8165.0 DC02 Table 2
7312,Building Pest Control Services,731,2024,1415.0,1210.0,240.0,32.0,3.0,2900.0,ABS 8165.0 DC02 Table 2
7313,Gardening Services,731,2024,10940.0,4847.0,1136.0,146.0,4.0,17073.0,ABS 8165.0 DC02 Table 2
7320,Packaging Services,732,2024,548.0,235.0,148.0,117.0,6.0,1054.0,ABS 8165.0 DC02 Table 2
7510,Central Government Administration,751,2024,48.0,13.0,3.0,0.0,0.0,63.0,ABS 8165.0 DC02 Table 2
7520,State Government Administration,752,2024,20.0,5.0,6.0,3.0,0.0,33.0,ABS 8165.0 DC02 Table 2
7530,Local Government Administration,753,2024,32.0,18.0,0.0,3.0,0.0,54.0,ABS 8165.0 DC02 Table 2
7540,Justice,754,2024,56.0,24.0,4.0,0.0,0.0,84.0,ABS 8165.0 DC02 Table 2
7551,Domestic Government Representation,755,2024,5.0,0.0,0.0,0.0,0.0,5.0,ABS 8165.0 DC02 Table 2
7552,Foreign Government Representation,755,2024,15.0,4.0,3.0,0.0,0.0,21.0,ABS 8165.0 DC02 Table 2
7600,Defence,760,2024,35.0,20.0,0.0,3.0,0.0,58.0,ABS 8165.0 DC02 Table 2
7712,Investigation and Security Services,771,2024,3478.0,1788.0,780.0,390.0,26.0,6462.0,ABS 8165.0 DC02 Table 2
7714,Correctional and Detention Services,771,2024,9.0,3.0,0.0,0.0,3.0,14.0,ABS 8165.0 DC02 Table 2
7719,Other Public Order and Safety Services,771,2024,247.0,126.0,79.0,138.0,26.0,616.0,ABS 8165.0 DC02 Table 2
7720,Regulatory Services,772,2024,124.0,68.0,25.0,13.0,0.0,230.0,ABS 8165.0 DC02 Table 2
8010,Preschool Education,801,2024,349.0,220.0,980.0,246.0,11.0,1806.0,ABS 8165.0 DC02 Table 2
8021,Primary Education,802,2024,76.0,33.0,98.0,213.0,3.0,422.0,ABS 8165.0 DC02 Table 2
8022,Secondary Education,802,2024,57.0,23.0,34.0,140.0,28.0,282.0,ABS 8165.0 DC02 Table 2
8023,Combined Primary and Secondary Education,802,2024,82.0,37.0,44.0,284.0,143.0,590.0,ABS 8165.0 DC02 Table 2
8024,Special School Education,802,2024,67.0,34.0,24.0,34.0,3.0,160.0,ABS 8165.0 DC02 Table 2
8101,Technical and Vocational Education and Training,810,2024,5358.0,3259.0,926.0,387.0,32.0,9962.0,ABS 8165.0 DC02 Table 2
8102,Higher Education,810,2024,364.0,158.0,81.0,79.0,13.0,695.0,ABS 8165.0 DC02 Table 2
8211,Sports and Physical Recreation Instruction,821,2024,4063.0,2033.0,1114.0,308.0,3.0,7519.0,ABS 8165.0 DC02 Table 2
8212,Arts Education,821,2024,2345.0,1132.0,749.0,68.0,0.0,4294.0,ABS 8165.0 DC02 Table 2
8219,"Adult, Community and Other Education n.e.c.",821,2024,8912.0,3933.0,1613.0,595.0,17.0,15070.0,ABS 8165.0 DC02 Table 2
8220,Educational Support Services,822,2024,766.0,337.0,124.0,33.0,5.0,1265.0,ABS 8165.0 DC02 Table 2
8401,Hospitals (Except Psychiatric Hospitals),840,2024,680.0,139.0,62.0,85.0,37.0,1003.0,ABS 8165.0 DC02 Table 2
8402,Psychiatric Hospitals,840,2024,26.0,19.0,3.0,8.0,3.0,59.0,ABS 8165.0 DC02 Table 2
8511,General Practice Medical Services,851,2024,32029.0,14117.0,4374.0,511.0,32.0,51063.0,ABS 8165.0 DC02 Table 2
8512,Specialist Medical Services,851,2024,14590.0,6831.0,1762.0,212.0,11.0,23406.0,ABS 8165.0 DC02 Table 2
8520,Pathology and Diagnostic Imaging Services,852,2024,1954.0,792.0,304.0,108.0,30.0,3188.0,ABS 8165.0 DC02 Table 2
8531,Dental Services,853,2024,10817.0,4759.0,3794.0,339.0,8.0,19717.0,ABS 8165.0 DC02 Table 2
8532,Optometry and Optical Dispensing,853,2024,1345.0,1081.0,778.0,173.0,7.0,3384.0,ABS 8165.0 DC02 Table 2
8533,Physiotherapy Services,853,2024,4545.0,2518.0,1792.0,174.0,10.0,9039.0,ABS 8165.0 DC02 Table 2
8534,Chiropractic and Osteopathic Services,853,2024,3384.0,2184.0,853.0,18.0,0.0,6439.0,ABS 8165.0 DC02 Table 2
8539,Other Allied Health Services,853,2024,26669.0,10224.0,2996.0,599.0,34.0,40522.0,ABS 8165.0 DC02 Table 2
8591,Ambulance Services,859,2024,12.0,11.0,5.0,9.0,0.0,39.0,ABS 8165.0 DC02 Table 2
8599,Other Health Care Services n.e.c.,859,2024,1692.0,731.0,295.0,111.0,9.0,2838.0,ABS 8165.0 DC02 Table 2
8601,Aged Care Residential Services,860,2024,808.0,233.0,192.0,461.0,178.0,1872.0,ABS 8165.0 DC02 Table 2
8609,Other Residential Care Services,860,2024,412.0,207.0,221.0,224.0,51.0,1115.0,ABS 8165.0 DC02 Table 2
8710,Child Care Services,871,2024,5829.0,975.0,2049.0,2122.0,75.0,11050.0,ABS 8165.0 DC02 Table 2
8790,Other Social Assistance Services,879,2024,15025.0,6019.0,2546.0,1568.0,104.0,25262.0,ABS 8165.0 DC02 Table 2
8910,Museum Operation,891,2024,118.0,37.0,13.0,12.0,0.0,181.0,ABS 8165.0 DC02 Table 2
8921,Zoological and Botanical Gardens Operation,892,2024,63.0,47.0,24.0,21.0,5.0,160.0,ABS 8165.0 DC02 Table 2
8922,Nature Reserves and Conservation Parks Operation,892,2024,100.0,36.0,22.0,20.0,0.0,178.0,ABS 8165.0 DC02 Table 2
9001,Performing Arts Operation,900,2024,1624.0,499.0,141.0,46.0,3.0,2313.0,ABS 8165.0 DC02 Table 2
9002,"Creative Artists, Musicians, Writers and Performers",900,2024,14453.0,2266.0,274.0,48.0,0.0,17041.0,ABS 8165.0 DC02 Table 2
9003,Performing Arts Venue Operation,900,2024,411.0,249.0,156.0,110.0,5.0,931.0,ABS 8165.0 DC02 Table 2
9111,Health and Fitness Centres and Gymnasia Operation,911,2024,2307.0,3228.0,1768.0,278.0,13.0,7594.0,ABS 8165.0 DC02 Table 2
9112,Sports and Physical Recreation Clubs and Sports Professionals,911,2024,1598.0,435.0,113.0,82.0,16.0,2244.0,ABS 8165.0 DC02 Table 2
9113,"Sports and Physical Recreation Venues, Grounds and Facilities Operation",911,2024,602.0,394.0,310.0,174.0,14.0,1494.0,ABS 8165.0 DC02 Table 2
9114,Sports and Physical Recreation Administrative Service,911,2024,263.0,131.0,43.0,42.0,12.0,491.0,ABS 8165.0 DC02 Table 2
9121,Horse and Dog Racing Administration and Track Operation,912,2024,56.0,7.0,7.0,10.0,7.0,87.0,ABS 8165.0 DC02 Table 2
9129,Other Horse and Dog Racing Activities,912,2024,1187.0,506.0,255.0,81.0,0.0,2029.0,ABS 8165.0 DC02 Table 2
9131,Amusement Parks and Centres Operation,913,2024,513.0,234.0,220.0,151.0,12.0,1130.0,ABS 8165.0 DC02 Table 2
9139,Amusement and Other Recreational Activities n.e.c.,913,2024,616.0,350.0,281.0,106.0,3.0,1355.0,ABS 8165.0 DC02 Table 2
9201,Casino Operation,920,2024,3.0,3.0,0.0,3.0,9.0,15.0,ABS 8165.0 DC02 Table 2
9202,Lottery Operation,920,2024,132.0,264.0,63.0,6.0,3.0,467.0,ABS 8165.0 DC02 Table 2
9209,Other Gambling Activities,920,2024,352.0,250.0,96.0,28.0,6.0,732.0,ABS 8165.0 DC02 Table 2
9411,Automotive Electrical Services,941,2024,1750.0,1468.0,301.0,32.0,0.0,3551.0,ABS 8165.0 DC02 Table 2
9412,"Automotive Body, Paint and Interior Repair",941,2024,7348.0,4704.0,1819.0,205.0,5.0,14081.0,ABS 8165.0 DC02 Table 2
9419,Other Automotive Repair and Maintenance,941,2024,12340.0,11853.0,3874.0,185.0,10.0,28262.0,ABS 8165.0 DC02 Table 2
9421,Domestic Appliance Repair and Maintenance,942,2024,1298.0,980.0,205.0,24.0,3.0,2509.0,ABS 8165.0 DC02 Table 2
9422,Electronic (except Domestic Appliance) and Precision Equipment Repair,942,2024,2033.0,1270.0,279.0,52.0,3.0,3637.0,ABS 8165.0 DC02 Table 2
9429,Other Machinery and Equipment Repair and Maintenance,942,2024,5900.0,5242.0,1326.0,317.0,14.0,12799.0,ABS 8165.0 DC02 Table 2
9491,Clothing and Footwear Repair,949,2024,364.0,338.0,55.0,5.0,0.0,762.0,ABS 8165.0 DC02 Table 2
9499,Other Repair and Maintenance n.e.c.,949,2024,1451.0,840.0,127.0,7.0,0.0,2425.0,ABS 8165.0 DC02 Table 2
9511,Hairdressing and Beauty Services,951,2024,15557.0,16032.0,4505.0,336.0,6.0,36436.0,ABS 8165.0 DC02 Table 2
9512,Diet and Weight Reduction Centre Operation,951,2024,187.0,58.0,16.0,4.0,3.0,267.0,ABS 8165.0 DC02 Table 2
9520,"Funeral, Crematorium and Cemetery Services",952,2024,383.0,315.0,226.0,48.0,4.0,976.0,ABS 8165.0 DC02 Table 2
9531,Laundry and Dry-Cleaning Services,953,2024,3051.0,1391.0,408.0,124.0,11.0,4985.0,ABS 8165.0 DC02 Table 2
9532,Photographic Film Processing,953,2024,267.0,108.0,27.0,10.0,3.0,413.0,ABS 8165.0 DC02 Table 2
9533,Parking Services,953,2024,224.0,61.0,37.0,15.0,4.0,341.0,ABS 8165.0 DC02 Table 2
9534,Brothel Keeping and Prostitution Services,953,2024,201.0,141.0,26.0,4.0,0.0,372.0,ABS 8165.0 DC02 Table 2
9539,Other Personal Services n.e.c.,953,2024,12476.0,5272.0,1343.0,140.0,0.0,19233.0,ABS 8165.0 DC02 Table 2
9999,Currently Unknown,999,2024,1603.0,134.0,30.0,13.0,0.0,1780.0,ABS 8165.0 DC02 Table 2
